Top pages,Clicks,Impressions,CTR,Position
https://www.ideallivs.com/,49,1052,4.66%,6.16
https://www.ideallivs.com/product/d-va-svartfarg-henna,4,70,5.71%,18.07
https://www.ideallivs.com/product/indian-costus-powder,3,1178,0.25%,5.35
https://www.ideallivs.com/product/supreme-pan-parag-100g,3,406,0.74%,5.86
https://www.ideallivs.com/product/haldirams-frozen-phulka-roti-360gm,3,205,1.46%,5.97
https://www.ideallivs.com/product/shan-vermicelli-150-gm,3,93,3.23%,6.02
https://www.ideallivs.com/product/ig-sona-masoori-rice-5kg-new-pack,3,46,6.52%,7.96
https://www.ideallivs.com/product/eco-by-life-henna-natural-35g,3,33,9.09%,4.94
https://www.ideallivs.com/product/ecobylife-black-henna-svart-henna-hair-colour,3,27,11.11%,17.26
https://www.ideallivs.com/product/ig-sella-basmati-rice-5kg,3,11,27.27%,9
https://www.ideallivs.com/product/haldirams-frozen-punjabi-samosa,2,206,0.97%,6.3
https://www.ideallivs.com/product/haldirams-frozen-aloo-tikki,2,180,1.11%,6.41
https://www.ideallivs.com/product/power-energy-drink-250ml-with-pant,2,147,1.36%,8.62
https://www.ideallivs.com/delivery-information,2,107,1.87%,7.21
https://www.ideallivs.com/product/india-gate-classic-basmati-rice-5kg,2,94,2.13%,8.13
https://www.ideallivs.com/product/fresh-curry-leaves-packet,2,77,2.6%,6.87
https://www.ideallivs.com/product/parle-platina-hide-n-seek-vanilla-112g,2,73,2.74%,4.49
https://www.ideallivs.com/product/eco-by-life-henna-black-35g,2,49,4.08%,8.14
https://www.ideallivs.com/product/bikano-besan-burfi,2,29,6.9%,4.34
https://www.ideallivs.com/product/fanta-orange-330ml-med-pant,2,25,8%,6.48
https://www.ideallivs.com/product/crown-seekh-kebab-chicken-15-pcs,2,16,12.5%,7.94
https://www.ideallivs.com/product/annam-peanut-oil-1-liter,2,11,18.18%,8.45
https://www.ideallivs.com/product/ecobylife-henna-hair-colour-dark-brown,2,10,20%,6.2
https://www.ideallivs.com/product/malik-foods-rajgira-laddu-100g,2,6,33.33%,6.5
https://www.ideallivs.com/shop/anmol-electric-tandoor-oven,2,5,40%,6.2
https://www.ideallivs.com/product/fortune-kachi-ghani-pure-mustard-oil-1-l,1,331,0.3%,6.73
https://www.ideallivs.com/product/ktc-mustard-oil-pure-250-ml,1,315,0.32%,7.71
https://www.ideallivs.com/product/vatika-black-seeds-hair-oil,1,287,0.35%,8.3
https://www.ideallivs.com/product/haldirams-frozen-cocktail-samosa,1,264,0.38%,6.16
https://www.ideallivs.com/product/india-gate-classic-basmati-rice-1kg,1,240,0.42%,10.93
https://www.ideallivs.com/product/top-op-lindi-pepper,1,212,0.47%,2.78
https://www.ideallivs.com/product/pataks-korma-paste-283-g,1,185,0.54%,14.56
https://www.ideallivs.com/product/haldirams-frozen-tandoori-garlic-naanfamily-pck-1-28kg,1,175,0.57%,5.18
https://www.ideallivs.com/product/haldirams-frozen-cocktail-samosas-28-pcs-650g,1,157,0.64%,6.84
https://www.ideallivs.com/product/vatika-enriched-coconut-hair-oil,1,141,0.71%,15.39
https://www.ideallivs.com/product/al-baker-chakki-fresh-atta,1,138,0.72%,5.99
https://www.ideallivs.com/product/deshi-chinigura-aromatic-rice-1kg,1,134,0.75%,5.1
https://www.ideallivs.com/product/haldiram-chana-jor-garam,1,122,0.82%,9.71
https://www.ideallivs.com/product/jasmin-ris-aaaaa-jasmine-rice,1,104,0.96%,3.97
https://www.ideallivs.com/product/guard-ultimate-basmati-rice-1kg,1,101,0.99%,7.81
https://www.ideallivs.com/product/mtr-khaman-dhokla-ready-mix,1,100,1%,5.7
https://www.ideallivs.com/product/elephant-atta-medium-25-kg,1,100,1%,19.21
https://www.ideallivs.com/product/lg-hing-50-gm,1,95,1.05%,4.09
https://www.ideallivs.com/product/garimaa-gold-long-grain-basmati-rice,1,91,1.1%,15.54
https://www.ideallivs.com/product/eco-by-life-henna-red-35g,1,90,1.11%,10.39
https://www.ideallivs.com/product/haldirams-peanut-gajjak,1,88,1.14%,5.14
https://www.ideallivs.com/product/brown-basmati-rice-5-kg,1,88,1.14%,6.94
https://www.ideallivs.com/product/annam-roasted-rava,1,80,1.25%,8.12
https://www.ideallivs.com/product/neha-rachni-mehandi,1,62,1.61%,5.85
https://www.ideallivs.com/product/haldiram-rasgulla-1kg,1,60,1.67%,4.9
https://www.ideallivs.com/product/pataks-mild-curry-paste,1,60,1.67%,21.73
https://www.ideallivs.com/product/hot-chicken-flavor-ramen,1,53,1.89%,6.09
https://www.ideallivs.com/product/electric-tandoor-oven,1,52,1.92%,6.46
https://www.ideallivs.com/brand/national,1,52,1.92%,12.67
https://www.ideallivs.com/product/nestle-nido-milk-powder-400-gm,1,50,2%,6.02
https://www.ideallivs.com/product/fortune-chakki-fresh-atta-5-kg,1,48,2.08%,8.69
https://www.ideallivs.com/product/national-kasuri-methi-50g,1,44,2.27%,8.5
https://www.ideallivs.com/product/fresh-amla,1,44,2.27%,8.86
https://www.ideallivs.com/product/organic-cow-ghee,1,43,2.33%,5.86
https://www.ideallivs.com/shop,1,40,2.5%,2.1
https://www.ideallivs.com/product/heera-msd-chineese-salt-100g,1,39,2.56%,7.69
https://www.ideallivs.com/product/pillsbury-chakki-atta-5-kg,1,37,2.7%,5.46
https://www.ideallivs.com/product/ktc-castor-oil-250-ml,1,35,2.86%,7.77
https://www.ideallivs.com/product/india-gate-thin-poha-500g,1,35,2.86%,18.37
https://www.ideallivs.com/product/national-delhi-nihari-82-gm-2packs,1,34,2.94%,5.38
https://www.ideallivs.com/product-category/flour,1,34,2.94%,8.03
https://www.ideallivs.com/product/fresh-farsk-paneer,1,33,3.03%,8.45
https://www.ideallivs.com/product/maggi-masala-noodle-8-pack-70gm,1,31,3.23%,10.97
https://www.ideallivs.com/product/patanjli-cow-ghee-1-kg,1,28,3.57%,6.21
https://www.ideallivs.com/product/idhayam-sesame-oil?add-to-cart=249,1,28,3.57%,13.43
https://www.ideallivs.com/product/alwaid-solrosolja-5-lit,1,27,3.7%,7.74
https://www.ideallivs.com/product/mughal-plain-paratha-family-pack,1,24,4.17%,3.46
https://www.ideallivs.com/product/kaalar-1121-basmati-sella-rice-5-kg,1,24,4.17%,6.25
https://www.ideallivs.com/brand/mtr,1,24,4.17%,9.17
https://www.ideallivs.com/brand/anmol,1,23,4.35%,9
https://www.ideallivs.com/product/sai-gluten-free-jeera-ajwain-cookies-200g,1,21,4.76%,3
https://www.ideallivs.com/product/national-sindhi-biryani-82g,1,21,4.76%,4.24
https://www.ideallivs.com/product/mer-parondryck-33cl,1,21,4.76%,5.24
https://www.ideallivs.com/product-category/rice-grains,1,20,5%,5.35
https://www.ideallivs.com/product/ab-gram-flour-1-kg,1,20,5%,6.65
https://www.ideallivs.com/product/national-chana-masala-90gx2,1,19,5.26%,7.68
https://www.ideallivs.com/product/fresh-idly-batter-900ml,1,17,5.88%,44.29
https://www.ideallivs.com/product/metro-agarbati-amber,1,15,6.67%,34.13
https://www.ideallivs.com/product/trs-puffed-rice,1,14,7.14%,6.43
https://www.ideallivs.com/product/fresh-dosa-batter-900ml,1,14,7.14%,6.64
https://www.ideallivs.com/product/anmol-khoya-kulfi,1,14,7.14%,7.57
https://www.ideallivs.com/product/trs-black-cardamom-200g,1,13,7.69%,14.38
https://www.ideallivs.com/product/pg-tips-loose-tea-1-5kg,1,11,9.09%,3.18
https://www.ideallivs.com/product/hr-soan-papdi-250gm,1,11,9.09%,3.64
https://www.ideallivs.com/product/national-cornflour-300g,1,10,10%,4.6
https://www.ideallivs.com/product/alibaba-pesi-goor-1-kg,1,9,11.11%,4.11
https://www.ideallivs.com/product/alibaba-kamarkas-100g,1,8,12.5%,5.75
https://www.ideallivs.com/product/hemani-black-seed-oil-60ml,1,8,12.5%,11.38
https://www.ideallivs.com/product/kolson-slanty-salted-60g,1,7,14.29%,4.71
https://www.ideallivs.com/product/alibaba-toor-dal-1-kg,1,7,14.29%,5.71
https://www.ideallivs.com/product/khanum-butter-ghee-1-kg?add-to-cart=255,1,7,14.29%,9.14
https://www.ideallivs.com/product/heera-soya-beans-2-kg,1,6,16.67%,3.83
https://www.ideallivs.com/brand/subhan,1,6,16.67%,7.17
https://www.ideallivs.com/product/pg-tips-original-black-tea-bags-300-870-g,1,6,16.67%,11.17
https://www.ideallivs.com/product/bombay-wala-garlic-butter-naan-320g,1,3,33.33%,3.67
https://www.ideallivs.com/product/national-green-chilli-sauce-300g,1,2,50%,4.5
https://www.ideallivs.com/product/fortune-kachi-ghani-pure-mustard-oil-1-l?add-to-cart=255,1,2,50%,19.5
https://www.ideallivs.com/product/haldirams-frozen-home-style-paratha360-gms?add-to-cart=508,1,1,100%,1
https://www.ideallivs.com/product-category/lentils-beans-dals/masoor-dal,1,1,100%,3
https://www.ideallivs.com/product/national-karahi-gosht-94gm-2packs?add-to-cart=114,1,1,100%,9
https://www.ideallivs.com/product/idhayam-sesame-oil,0,250,0%,10.66
https://www.ideallivs.com/product/ig-jeerakasala-rice-5kg,0,219,0%,8.04
https://www.ideallivs.com/product/tapal-danedar-loose-tea-450gm,0,218,0%,5.58
https://www.ideallivs.com/product/hamdard-rooh-afza-syrup-800-ml,0,190,0%,17.02
https://www.ideallivs.com/product/mdh-butter-chicken-masala-100g,0,188,0%,16.68
https://www.ideallivs.com/product/heera-desiccated-coconut-fine,0,179,0%,1.57
https://www.ideallivs.com/product/tapal-danedar-teabags-300750-g,0,179,0%,8.45
https://www.ideallivs.com/product/mdh-hyderabadi-biryani-masala,0,151,0%,4.85
https://www.ideallivs.com/product/mdh-sabji-masala,0,150,0%,2.58
https://www.ideallivs.com/product/monster-energy-500ml,0,146,0%,6.25
https://www.ideallivs.com/product/neha-cone-mehndi-25gm,0,139,0%,11.17
https://www.ideallivs.com/product/jannat-xxl-1121-basmati-rice-5-kg,0,134,0%,5.18
https://www.ideallivs.com/product/parachute-coconut-oil-500ml,0,128,0%,6.38
https://www.ideallivs.com/product/zingo-apelsin-33cl,0,127,0%,5.59
https://www.ideallivs.com/product/cadbury-bournvita-chocolate,0,127,0%,12.76
https://www.ideallivs.com/product/mdh-deggi-mirch,0,126,0%,17.3
https://www.ideallivs.com/product/anmol-electric-tandoor-oven,0,121,0%,8.5
https://www.ideallivs.com/product/shezan-mango-juice-1l,0,120,0%,12.45
https://www.ideallivs.com/product/mdh-pav-bhaji-masala,0,117,0%,3.15
https://www.ideallivs.com/product/sai-multigrains-gluten-free-atta-1-kg,0,116,0%,7.03
https://www.ideallivs.com/product/vatika-coconut-hair-oil-nourishing-coconut-oil-300ml,0,111,0%,18.14
https://www.ideallivs.com/product/pillsbury-chakki-atta-10-kg,0,107,0%,13.45
https://www.ideallivs.com/product/indian-costus-whole,0,106,0%,4.8
https://www.ideallivs.com/product/haldirams-frozen-lachha-paratha-value-pack-1-2kg,0,105,0%,6.43
https://www.ideallivs.com/brand/malik,0,88,0%,6.9
https://www.ideallivs.com/product/monster-juiced-mango-500ml,0,84,0%,13.57
https://www.ideallivs.com/product/annam-upma-rava-1kg,0,82,0%,4.78
https://www.ideallivs.com/product/ig-idli-rava-1kg,0,82,0%,7.44
https://www.ideallivs.com/product/mdh-t-plus-masala,0,81,0%,5.88
https://www.ideallivs.com/product/bigen-mens-beard-colour-medium-brown,0,80,0%,8.06
https://www.ideallivs.com/product/haldirams-frozen-railway-cutlets,0,78,0%,5.56
https://www.ideallivs.com/product/tang-orange,0,77,0%,10.49
https://www.ideallivs.com/product/shezan-mango-juice-bottle-250-ml,0,76,0%,12.36
https://www.ideallivs.com/contact,0,75,0%,6.95
https://www.ideallivs.com/delivery-goteborg-malmo,0,75,0%,9.36
https://www.ideallivs.com/product/heera-semolina-fine-375-g,0,74,0%,5.18
https://www.ideallivs.com/product/heera-edible-gum,0,73,0%,6.93
https://www.ideallivs.com/product/haldiram-aloo-paratha-400gm,0,70,0%,4.53
https://www.ideallivs.com/product/trs-alu-bukhara-200g,0,70,0%,8.67
https://www.ideallivs.com/product/india-gate-brown-basmati-rice,0,69,0%,8.14
https://www.ideallivs.com/product/tilda-broken-basmati-rice-10-kg,0,69,0%,8.84
https://www.ideallivs.com/product/desi-punjabi-desi-gur-1-kg,0,65,0%,4.92
https://www.ideallivs.com/product/cola-zero-330-ml-inc-pant,0,64,0%,9.38
https://www.ideallivs.com/product/trs-soya-chunks,0,64,0%,10.23
https://www.ideallivs.com/product/fruiti-o-juice-drink,0,64,0%,11.31
https://www.ideallivs.com/product/fortune-chakki-fresh-atta-10kg,0,63,0%,15.44
https://www.ideallivs.com/product/eco-by-life-natural-henna-250g,0,61,0%,4.92
https://www.ideallivs.com/product/loka-naturell-33cl,0,61,0%,6.7
https://www.ideallivs.com/product/priya-mango-ginger-pickle-300g,0,60,0%,4.93
https://www.ideallivs.com/product/bombaywala-motichoor-ladoo,0,59,0%,3.76
https://www.ideallivs.com/product/haldirams-frozen-punjabi-samosas-8-pcs,0,59,0%,6.51
https://www.ideallivs.com/product/taaza-paneer,0,58,0%,5.53
https://www.ideallivs.com/product/mdh-chana-masala,0,57,0%,6.4
https://www.ideallivs.com/product/tikka-masala-paste,0,54,0%,28.31
https://www.ideallivs.com/product/tjy-spring-rolls-250-mm-30-sheets,0,53,0%,5.89
https://www.ideallivs.com/brand/maggi,0,52,0%,20.12
https://www.ideallivs.com/product/trs-bajri-flour-1-kg,0,51,0%,8.18
https://www.ideallivs.com/product/national-chicken-biryani-82g,0,50,0%,11.62
https://www.ideallivs.com/product/heera-semolina-coarse-375g,0,49,0%,6.57
https://www.ideallivs.com/product/khanum-butter-ghee-500-gm,0,49,0%,18.69
https://www.ideallivs.com/product/annam-bombay-rava,0,48,0%,5.85
https://www.ideallivs.com/product/ktc-mustard-oil-pure-500-ml,0,48,0%,8.48
https://www.ideallivs.com/product/fresh-drum-sticks,0,46,0%,5.15
https://www.ideallivs.com/product/khanum-butter-ghee-1-kg,0,46,0%,6.93
https://www.ideallivs.com/product/dabur-amla-hair-oil-200ml,0,46,0%,11.09
https://www.ideallivs.com/product/fresh-pakistani-mangoes,0,46,0%,12.8
https://www.ideallivs.com/product/shan-lahori-fish-100g,0,44,0%,7.68
https://www.ideallivs.com/product/trs-ragi-flour-1-kg,0,44,0%,13
https://www.ideallivs.com/product/kaalar-basmati-steam-rice-1kg,0,43,0%,6
https://www.ideallivs.com/product/fanta-exotic-330ml-med-pant,0,43,0%,6.14
https://www.ideallivs.com/product/dabur-amla-anti-dandruff-hair-oil-200ml,0,43,0%,6.6
https://www.ideallivs.com/product/malik-foods-pan-masala-mukhwas,0,43,0%,7.02
https://www.ideallivs.com/product/mdh-kashmiri-mirch-100g,0,43,0%,7.28
https://www.ideallivs.com/product/jethimadh-wholemulethi-50-gm,0,42,0%,7.31
https://www.ideallivs.com/product/sprite-zero-330ml-med-pant,0,42,0%,8.86
https://www.ideallivs.com/product/haldiram-chakoli-200gm,0,41,0%,3.98
https://www.ideallivs.com/product/sai-gluten-free-desi-ghee-cookies-200g,0,41,0%,6.85
https://www.ideallivs.com/product/guard-ultimate-basmati-rice-5-kg,0,41,0%,10.46
https://www.ideallivs.com/product/trs-dried-coconut-halves-250-g,0,40,0%,7.45
https://www.ideallivs.com/product/a1-mini-cocktail-p-samosa-25-pcs,0,38,0%,7.21
https://www.ideallivs.com/product/tang-mango,0,38,0%,15.18
https://www.ideallivs.com/product/ahmed-kheer-mix-plain,0,37,0%,6.51
https://www.ideallivs.com/product/fresh-frsk-okra,0,37,0%,9.65
https://www.ideallivs.com/product/trs-gram-flour-1kg,0,37,0%,10.84
https://www.ideallivs.com/product/idhayam-sesame-oil?add-to-cart=248,0,36,0%,3.53
https://www.ideallivs.com/product/hr-besan-ladoo-400g,0,36,0%,4.56
https://www.ideallivs.com/product/himaliya-brand-basmati-rice,0,36,0%,10.86
https://www.ideallivs.com/product/johnsons-baby-powder-200g,0,36,0%,16.17
https://www.ideallivs.com/product/malik-foods-samo-seeds-400-gsm,0,35,0%,4.2
https://www.ideallivs.com/product/mtr-rasam-powder,0,35,0%,4.94
https://www.ideallivs.com/product/heera-roasted-sooji-1-kg,0,35,0%,5.26
https://www.ideallivs.com/product/heera-garam-masala-100g,0,35,0%,5.91
https://www.ideallivs.com/product/national-haleem-spices-mix-43x2g,0,35,0%,6.34
https://www.ideallivs.com/product/tjy-spring-rolls-190mm-50-sheets,0,35,0%,6.37
https://www.ideallivs.com/product/mdh-pani-puri-masala-100g,0,35,0%,15.71
https://www.ideallivs.com/product/haldirams-frozen-veg-shami-kebab300g,0,34,0%,5.15
https://www.ideallivs.com/product/heera-dried-coconut-halves,0,34,0%,6.18
https://www.ideallivs.com/product/dabur-amla-jasmine-hair-oil-200ml,0,34,0%,8.21
https://www.ideallivs.com/product/telephone-sat-ispaghol-200g,0,33,0%,5.09
https://www.ideallivs.com/product/vatika-naturals-aloe-vera-soap,0,33,0%,7.85
https://www.ideallivs.com/product/haldiram-gulab-jamun-1kg,0,32,0%,3.78
https://www.ideallivs.com/brands,0,32,0%,4.5
https://www.ideallivs.com/product/ab-premium-gram-flour-2-kg,0,32,0%,8.03
https://www.ideallivs.com/product/aqu-aquador-50cl,0,31,0%,6.29
https://www.ideallivs.com/product/nocco-san-citro-330ml,0,31,0%,10.32
https://www.ideallivs.com/product/sprite-lime-330ml-med-pant,0,31,0%,11.39
https://www.ideallivs.com/product/nestle-cerelac-400-g,0,31,0%,12.9
https://www.ideallivs.com/product/nocco-bcca-limon-del-sol-330ml,0,31,0%,29.58
https://www.ideallivs.com/product/ab-gol-gappy-fry-200g,0,30,0%,8.63
https://www.ideallivs.com/product/mtr-gulab-jamun-mix-200g,0,30,0%,20.3
https://www.ideallivs.com/product/bikano-kaju-dhoda-burfi-400g,0,29,0%,4.86
https://www.ideallivs.com/product/cola-original-330-ml-inc-pant,0,29,0%,6.79
https://www.ideallivs.com/shop/indian-costus-powder,0,28,0%,4.36
https://www.ideallivs.com/product-category/basmati-rice,0,28,0%,4.96
https://www.ideallivs.com/product/mtr-dosa-mix-500g-instant-mix,0,28,0%,7.21
https://www.ideallivs.com/product/shan-mango-pickle-1-kg,0,28,0%,11.04
https://www.ideallivs.com/product/mdh-kitchen-king-masala,0,28,0%,51.25
https://www.ideallivs.com/product/bigen-mens-beard-colour-dark-brown-2,0,27,0%,9.19
https://www.ideallivs.com/product/mdh-meat-curry-masala-100g,0,26,0%,4.12
https://www.ideallivs.com/product/heera-roasted-daria-split-700g,0,26,0%,4.73
https://www.ideallivs.com/product/india-gate-premium-basmati-rice-5kg,0,26,0%,6.58
https://www.ideallivs.com/product/ig-exotic-basmati-rice-5kg,0,26,0%,6.69
https://www.ideallivs.com/product/india-gate-classic-basmati-rice-5kg?add-to-cart=202,0,26,0%,18.04
https://www.ideallivs.com/brand/deepak,0,25,0%,9.12
https://www.ideallivs.com/product/tata-salt-1-kg,0,25,0%,9.68
https://www.ideallivs.com/product/qarshi-johar-joshanda-30-sachets-x5g,0,25,0%,14.88
https://www.ideallivs.com/brand/nestle,0,25,0%,61.4
https://www.ideallivs.com/product/haldirams-frozen-home-style-paratha360-gms,0,24,0%,4.75
https://www.ideallivs.com/product/haldirams-rajma-raseela-283gms,0,24,0%,6.08
https://www.ideallivs.com/product/eco-by-life-herbal-henna-100g,0,24,0%,6.5
https://www.ideallivs.com/product/malik-foods-kuttu-flour-1kg,0,24,0%,7.79
https://www.ideallivs.com/product/bikano-soan-papdi,0,24,0%,7.83
https://www.ideallivs.com/product/heera-punjabi-wadi-300g,0,23,0%,3.48
https://www.ideallivs.com/product/trs-javentry-mace-50gm,0,23,0%,4.96
https://www.ideallivs.com/product/bombay-wala-gujiya,0,23,0%,5.3
https://www.ideallivs.com/shop/neha-rachni-mehandi,0,23,0%,6.48
https://www.ideallivs.com/product/power-sugar-free-drink-250ml-with-pant,0,23,0%,7.04
https://www.ideallivs.com/product/fortune-thick-poha-1-kg,0,23,0%,7.61
https://www.ideallivs.com/product/heera-sugar-coated-fennel-100g,0,23,0%,8.04
https://www.ideallivs.com/product/haldirams-dal-tadka-300g,0,23,0%,8.13
https://www.ideallivs.com/product/malik-foods-sendha-namak,0,23,0%,8.61
https://www.ideallivs.com/product/shan-biryani-masala-50g,0,23,0%,10.09
https://www.ideallivs.com/product/trs-toor-dal-1-kg,0,22,0%,7.14
https://www.ideallivs.com/product/shan-nihari-masala-120g,0,22,0%,17.14
https://www.ideallivs.com/product/pataks-madras-curry-paste,0,22,0%,29.73
https://www.ideallivs.com/brand/johnson-johnson,0,22,0%,54.18
https://www.ideallivs.com/product/bigen-mens-beard-colour-dark-brown,0,21,0%,4.57
https://www.ideallivs.com/product/tjy-spring-rolls-215-mm-40-sheets,0,21,0%,6.86
https://www.ideallivs.com/product/malik-foods-plain-paratha-20pcs,0,21,0%,8.62
https://www.ideallivs.com/product/anjappar-sona-masori-rice-10-kg,0,20,0%,5.7
https://www.ideallivs.com/product/haldiram-dal-palak-300g,0,20,0%,7
https://www.ideallivs.com/brand/pan-parag,0,20,0%,8.3
https://www.ideallivs.com/shop/indian-costus-whole,0,20,0%,10.2
https://www.ideallivs.com/brand/hr,0,20,0%,16.85
https://www.ideallivs.com/blog/guide-till-matleverans-i-stockholm,0,20,0%,17
https://www.ideallivs.com/product-category/lentils-beans-dals,0,19,0%,5.26
https://www.ideallivs.com/product/falak-extreme-basmati-rice-5kg,0,19,0%,5.89
https://www.ideallivs.com/product/ktc-almond-oil-500-ml,0,19,0%,6.74
https://www.ideallivs.com/product/fanta-exotic-zero-330ml,0,19,0%,8.37
https://www.ideallivs.com/product/trs-jeera-papadom-200g,0,18,0%,2.61
https://www.ideallivs.com/product/annam-unroasted-rava,0,18,0%,3.22
https://www.ideallivs.com/product/shan-easy-cook-haleem-mix-300g,0,18,0%,3.44
https://www.ideallivs.com/product-category/ready-to-eat,0,18,0%,4.22
https://www.ideallivs.com/product/mer-apelsindryck-33cl,0,18,0%,5.5
https://www.ideallivs.com/product/ab-premium-gram-flour,0,18,0%,5.78
https://www.ideallivs.com/product/mdh-garam-masala-100g,0,18,0%,5.78
https://www.ideallivs.com/product/metromilan-7-fragrances,0,18,0%,6.06
https://www.ideallivs.com/product/fortune-gram-flour-1kg,0,18,0%,6.28
https://www.ideallivs.com/product/electric-tandoor-forno,0,18,0%,7.89
https://www.ideallivs.com/product/maggi-2-minute-masala-noodles,0,18,0%,14.44
https://www.ideallivs.com/product/trs-gram-flour-2-kg,0,18,0%,17.33
https://www.ideallivs.com/product/alibaba-haldi-400g,0,17,0%,5.53
https://www.ideallivs.com/product/malik-alsi-seeds-100g,0,17,0%,6.24
https://www.ideallivs.com/product/hr-chilli-chatak-lacha-200g,0,17,0%,6.41
https://www.ideallivs.com/product/lijjat-garlic-pappadam-200g,0,17,0%,6.76
https://www.ideallivs.com/product/flute-agarbatti-moon,0,17,0%,7.71
https://www.ideallivs.com/product/mdh-kasuri-methi,0,17,0%,24.06
https://www.ideallivs.com/product/heera-garam-masala-whole-200g,0,16,0%,5.12
https://www.ideallivs.com/product/trs-crushed-chillies-ex-hot-100g,0,16,0%,5.31
https://www.ideallivs.com/product/trs-whole-red-chillies-50-g,0,16,0%,5.38
https://www.ideallivs.com/product/vandevi-hing-50-gm,0,16,0%,5.38
https://www.ideallivs.com/product/swarna-chakki-fresh-atta,0,16,0%,5.62
https://www.ideallivs.com/product/trs-garam-masala-whole-200g,0,16,0%,5.62
https://www.ideallivs.com/product/alibaba-roasted-chana-750g,0,16,0%,6.19
https://www.ideallivs.com/shop/cadbury-bournvita-chocolate,0,16,0%,6.94
https://www.ideallivs.com/product/patanjli-cow-ghee-500g,0,16,0%,9.38
https://www.ideallivs.com/brand/khanum,0,16,0%,11.81
https://www.ideallivs.com/product/mdh-chicken-curry-masala,0,16,0%,48.62
https://www.ideallivs.com/product/trs-brown-mustard-seeds-100g,0,15,0%,3.07
https://www.ideallivs.com/product/kaalar-super-kernal-premium-basmati-rice-5kg,0,15,0%,5.27
https://www.ideallivs.com/product/heera-rice-flour-15-kg,0,15,0%,6
https://www.ideallivs.com/product/red-label-natural-care-tea-1kg,0,15,0%,6.47
https://www.ideallivs.com/product/mdh-rajmah-masala,0,15,0%,7.6
https://www.ideallivs.com/product/heera-dried-dates-250g,0,15,0%,9.47
https://www.ideallivs.com/product/heera-red-chilli-powder-ex-hot-400g,0,14,0%,2.14
https://www.ideallivs.com/product/supreme-pan-parag-100g?add-to-cart=399,0,14,0%,2.71
https://www.ideallivs.com/product/vatika-naturals-blackseed-clarifying-soap,0,14,0%,2.86
https://www.ideallivs.com/product/mdh-shahi-paneer-masala,0,14,0%,4
https://www.ideallivs.com/product/deepak-maida-all-purpose-refined-wheat-flour,0,14,0%,4.29
https://www.ideallivs.com/product/hasten-basmati-rice-9kg,0,14,0%,4.43
https://www.ideallivs.com/product/sai-gluten-free-almond-cookies-200-g,0,14,0%,4.57
https://www.ideallivs.com/product/malik-foods-manpasand-mukhwas,0,14,0%,4.71
https://www.ideallivs.com/product/vandevi-hing-yellow-100-gm,0,14,0%,4.79
https://www.ideallivs.com/product/tapal-danedar-loose-tea-jar-1kg,0,14,0%,4.86
https://www.ideallivs.com/product/trs-tamarind-paste-400g,0,14,0%,5.43
https://www.ideallivs.com/product/sai-gluten-free-butter-cashew-cookies-200-g,0,14,0%,5.5
https://www.ideallivs.com/brand/zingo,0,14,0%,5.86
https://www.ideallivs.com/brand/idhayam,0,14,0%,5.93
https://www.ideallivs.com/refund-return,0,14,0%,6.5
https://www.ideallivs.com/product/dettol-original-antiseptic-soap-bar-twin-pack,0,14,0%,9
https://www.ideallivs.com/product/heera-semolina-coarse-375g?add-to-cart=574,0,14,0%,11.07
https://www.ideallivs.com/product/onion-gul-lok,0,14,0%,11.64
https://www.ideallivs.com/shop/national-kasuri-methi-50g,0,14,0%,12.79
https://www.ideallivs.com/product/vatika-enriched-hibiscus-hair-oil-200ml,0,14,0%,21.93
https://www.ideallivs.com/brand/fortune,0,14,0%,37.14
https://www.ideallivs.com/product-category/organic-groceries,0,13,0%,1.77
https://www.ideallivs.com/product/hr-chilli-paneer-tofu-wrap-156g,0,13,0%,5.08
https://www.ideallivs.com/product/fresh-indian-red-chili,0,13,0%,5.62
https://www.ideallivs.com/product/zingo-zero-citron-33cl,0,13,0%,5.77
https://www.ideallivs.com/product/crown-shami-kebab-chicken-15-st,0,13,0%,5.92
https://www.ideallivs.com/product/annam-sona-masuri-rice,0,13,0%,7.15
https://www.ideallivs.com/product/ocean-pearl-classic-basmati-rice-5-kg,0,13,0%,8
https://www.ideallivs.com/product/garlic-vitlok-500g,0,13,0%,8.85
https://www.ideallivs.com/product/malik-whole-wheat-khakra-jeera,0,13,0%,10.31
https://www.ideallivs.com/product/qarshi-johar-joshanda-1-sachet-5g,0,12,0%,2.92
https://www.ideallivs.com/product/ahmed-kheer-mix-saffron-flavour,0,12,0%,3.67
https://www.ideallivs.com/product/trs-black-cardamom-50g,0,12,0%,4.83
https://www.ideallivs.com/about,0,12,0%,5.08
https://www.ideallivs.com/shop/jannat-xxl-1121-basmati-rice-5-kg,0,12,0%,5.33
https://www.ideallivs.com/product/ig-sona-masoori-rice-5kg,0,12,0%,5.42
https://www.ideallivs.com/product/aashirvaad-chakki-atta-5kg,0,12,0%,5.83
https://www.ideallivs.com/product/ab-pheni-150g?add-to-cart=431,0,12,0%,6.33
https://www.ideallivs.com/product/johnsons-baby-lotion-300-ml,0,12,0%,6.42
https://www.ideallivs.com/product-category/frozen-foods,0,12,0%,7.5
https://www.ideallivs.com/product/jabsons-cocktail-nuts,0,12,0%,7.5
https://www.ideallivs.com/product/ktc-poppy-seed-oil-250-ml,0,12,0%,7.58
https://www.ideallivs.com/product-category/henna,0,12,0%,8.17
https://www.ideallivs.com/product/mdh-chunky-chat-masala,0,12,0%,8.33
https://www.ideallivs.com/product/elephant-atta-medium-25-kg?add-to-cart=77,0,12,0%,31
https://www.ideallivs.com/product/maggi-tamarind-sauce-425-ml,0,12,0%,68.92
https://www.ideallivs.com/product/national-chicken-jalfrezi-74-gm-2-pack,0,11,0%,1
https://www.ideallivs.com/product/malik-whole-wheat-khakra-methi,0,11,0%,4.27
https://www.ideallivs.com/product/heera-roasted-chana-salted-300g,0,11,0%,7
https://www.ideallivs.com/product/khanum-butter-ghee-2-kg,0,11,0%,7
https://www.ideallivs.com/product/trs-kashmiri-chilli-powder-100-gm,0,11,0%,7
https://www.ideallivs.com/product/national-tikka-boti-88g,0,11,0%,7.27
https://www.ideallivs.com/product/elephant-atta-medium-10-kg,0,11,0%,8.45
https://www.ideallivs.com/product/haldirams-palak-paneer-tofu,0,11,0%,8.73
https://www.ideallivs.com/product/dettol-liquid-500ml,0,11,0%,9.27
https://www.ideallivs.com/product/maggi-masala-noodles-70-g,0,11,0%,10.27
https://www.ideallivs.com/product/heera-jeera-whole-300g,0,11,0%,10.55
https://www.ideallivs.com/product-category/gram-flour,0,11,0%,11.64
https://www.ideallivs.com/product/ktc-coconut-oil-500-ml,0,11,0%,13.82
https://www.ideallivs.com/product/heera-dhania-whole,0,11,0%,15.64
https://www.ideallivs.com/product/trs-soya-chunks-250g,0,11,0%,23.82
https://www.ideallivs.com/product/haldirams-punjabi-choley-283gms,0,10,0%,4
https://www.ideallivs.com/rice-in-stockholm,0,10,0%,6.7
https://www.ideallivs.com/product/bigen-mens-beard-colour-natural-black,0,10,0%,7.1
https://www.ideallivs.com/shop/category/frozen-foods,0,10,0%,7.4
https://www.ideallivs.com/blog/indiska-livsmedel-i-goteborg,0,10,0%,8.8
https://www.ideallivs.com/product/heera-sugar-coated-fennel-100g?add-to-cart=423,0,10,0%,9.2
https://www.ideallivs.com/product/diwali-diya-set,0,10,0%,12.6
https://www.ideallivs.com/product/heera-fenugreek-powder,0,10,0%,13.3
https://www.ideallivs.com/product/flute-agarbatti-chandan,0,9,0%,2.11
https://www.ideallivs.com/product/bikano-besan-burfi?add-to-cart=442,0,9,0%,2.44
https://www.ideallivs.com/europe-delivery,0,9,0%,2.78
https://www.ideallivs.com/product/gurka,0,9,0%,3
https://www.ideallivs.com/product/trs-tandoori-masala-100g,0,9,0%,3.11
https://www.ideallivs.com/product/national-tikka-boti-88g?add-to-cart=123,0,9,0%,3.67
https://www.ideallivs.com/product-category/home-essentials,0,9,0%,3.78
https://www.ideallivs.com/product-category/dry-fruits,0,9,0%,4.33
https://www.ideallivs.com/product/haldirams-frozen-tandoori-garlic-naanfamily-pck-1-28kg?add-to-cart=510,0,9,0%,4.44
https://www.ideallivs.com/shop/heera-msd-chineese-salt-100g,0,9,0%,4.56
https://www.ideallivs.com/product/mtr-sambar-powder,0,9,0%,5
https://www.ideallivs.com/product-category/fresh-produce,0,9,0%,5.22
https://www.ideallivs.com/product/al-baker-chakki-fresh-atta?attribute_weight=10kg,0,9,0%,5.22
https://www.ideallivs.com/product/bikano-plain-dhokla-350g,0,9,0%,6.11
https://www.ideallivs.com/product/deepak-multigrain-atta-5-kg,0,9,0%,6.56
https://www.ideallivs.com/product/delta-valnotter-250g,0,9,0%,6.56
https://www.ideallivs.com/product/trs-ajwain-seeds-300g,0,9,0%,6.56
https://www.ideallivs.com/product/haldiram-aloo-mutter-300g,0,9,0%,6.89
https://www.ideallivs.com/brand/bombaywala,0,9,0%,7
https://www.ideallivs.com/product/malik-foods-pan-masala-mukhwas?add-to-cart=429,0,9,0%,7.78
https://www.ideallivs.com/product/guard-ultimate-basmati-rice-2kg,0,9,0%,7.89
https://www.ideallivs.com/product/flute-agarbatti-chamomile,0,9,0%,10.33
https://www.ideallivs.com/product/hr-chat-papdi-130gm,0,9,0%,11.22
https://www.ideallivs.com/shop/mdh-butter-chicken-masala-100g,0,9,0%,12.11
https://www.ideallivs.com/product/kurkure-masala-munch,0,9,0%,13.11
https://www.ideallivs.com/product/tapal-danedar-teabags-300750-g?add-to-cart=225,0,8,0%,1.12
https://www.ideallivs.com/product/heera-roasted-sooji-1-kg?add-to-cart=594,0,8,0%,1.25
https://www.ideallivs.com/shop/deshi-chinigura-aromatic-rice-1kg,0,8,0%,2.88
https://www.ideallivs.com/product/sai-multigrains-gluten-free-atta-1-kg?add-to-cart=582,0,8,0%,3.5
https://www.ideallivs.com/product/pataks-balti-paste-283-g,0,8,0%,3.62
https://www.ideallivs.com/product/ig-ponni-boiled-rice-5-kg,0,8,0%,5.38
https://www.ideallivs.com/brand/mdh,0,8,0%,5.62
https://www.ideallivs.com/product/fresh-drum-sticks?add-to-cart=673,0,8,0%,5.62
https://www.ideallivs.com/brand/laziza,0,8,0%,6
https://www.ideallivs.com/product/annam-sona-masuri-rice?add-to-cart=188,0,8,0%,6.25
https://www.ideallivs.com/product/falak-premium-basmati-rice-5kg,0,8,0%,6.25
https://www.ideallivs.com/product/ab-pheni-150g,0,8,0%,6.38
https://www.ideallivs.com/product/metro-jasmine-n-lily-18stk,0,8,0%,6.38
https://www.ideallivs.com/product/annam-idli-rice-5-kg,0,8,0%,6.88
https://www.ideallivs.com/product/bueno-vita-bonor-i-glass-570g,0,8,0%,6.88
https://www.ideallivs.com/product/shan-garlic-paste-700g,0,8,0%,7
https://www.ideallivs.com/product/jhonsons-baby-oil-200ml,0,8,0%,7.12
https://www.ideallivs.com/brand/loka,0,8,0%,7.25
https://www.ideallivs.com/product/fortune-chakki-fresh-atta-5-kg?add-to-cart=77,0,8,0%,7.25
https://www.ideallivs.com/product-category/chapati-flour,0,8,0%,7.38
https://www.ideallivs.com/product/laddu-gulab-jamun-barfi-sweets,0,8,0%,7.38
https://www.ideallivs.com/shop/category/fresh-produce,0,8,0%,7.38
https://www.ideallivs.com/product/hadeel-chickpeas-2kg,0,8,0%,7.5
https://www.ideallivs.com/product/hr-chana-chur-200g,0,8,0%,7.5
https://www.ideallivs.com/brand/jannat,0,8,0%,7.62
https://www.ideallivs.com/product/india-gate-premium-basmati-rice-5kg?add-to-cart=193,0,8,0%,7.62
https://www.ideallivs.com/product/brown-basmati-rice-5-kg?add-to-cart=204,0,8,0%,8
https://www.ideallivs.com/product/heera-black-pepper-whole-100g,0,8,0%,9.38
https://www.ideallivs.com/product/india-gate-brown-basmati-rice?add-to-cart=204,0,8,0%,10
https://www.ideallivs.com/product/laziza-kheer-mix-almondsaffron-155gm,0,8,0%,10
https://www.ideallivs.com/product/trs-kashmiri-chilli-powder-400g,0,8,0%,10
https://www.ideallivs.com/product/trs-semolina-coarse-500g,0,8,0%,10.12
https://www.ideallivs.com/shop/fanta-exotic-zero-330ml,0,8,0%,10.12
https://www.ideallivs.com/product/trs-black-sesame-seeds,0,8,0%,15.88
https://www.ideallivs.com/product/fresh-kesar-mangoes-1-4-kg-net,0,8,0%,21.75
https://www.ideallivs.com/brand/tata,0,8,0%,80.25
https://www.ideallivs.com/product/mdh-t-plus-masala?add-to-cart=238,0,7,0%,1.86
https://www.ideallivs.com/product/haldirams-frozen-phulka-roti-360gm?add-to-cart=518,0,7,0%,2.71
https://www.ideallivs.com/product/hr-aloo-achari-paratha-400g,0,7,0%,2.86
https://www.ideallivs.com/product/annam-idly-rava-1-kg,0,7,0%,3.29
https://www.ideallivs.com/product/ktc-mustard-oil-pure-250-ml?add-to-cart=253,0,7,0%,3.71
https://www.ideallivs.com/product/mdh-amchur-powder,0,7,0%,4
https://www.ideallivs.com/product/ktc-linseed-oil-250-ml,0,7,0%,4.43
https://www.ideallivs.com/product/pataks-garam-masala-paste-283-g,0,7,0%,4.86
https://www.ideallivs.com/product/trs-sago-seeds-500-gsm,0,7,0%,4.86
https://www.ideallivs.com/shop/electric-tandoor-oven,0,7,0%,4.86
https://www.ideallivs.com/brand/kaalar,0,7,0%,5.43
https://www.ideallivs.com/product/metro-kewda-agarbatti,0,7,0%,5.57
https://www.ideallivs.com/product/delta-sot-mandel-almonds-250g,0,7,0%,5.86
https://www.ideallivs.com/product-category/hing,0,7,0%,6.14
https://www.ideallivs.com/product/trs-black-salt-powder,0,7,0%,6.14
https://www.ideallivs.com/product/vatika-naturals-olive-nourishing-soap,0,7,0%,6.14
https://www.ideallivs.com/product/bombaywala-fried-patra-320g,0,7,0%,6.29
https://www.ideallivs.com/product/annam-green-cardamom-50g,0,7,0%,6.71
https://www.ideallivs.com/product/parwal,0,7,0%,6.86
https://www.ideallivs.com/product/malik-whole-wheat-khakra-plain,0,7,0%,7.14
https://www.ideallivs.com/product/subhan-sona-masori-rice-5-kg,0,7,0%,7.29
https://www.ideallivs.com/product/trs-sarson-ka-saag-450g,0,7,0%,7.43
https://www.ideallivs.com/product/malik-foods-sattu-roasted-gram-flour-chickpea-flour-1kg,0,7,0%,7.86
https://www.ideallivs.com/brand/kurkure,0,7,0%,8.71
https://www.ideallivs.com/shop/fresh-pakistani-mangoes,0,7,0%,8.71
https://www.ideallivs.com/product/heera-ajwain-seeds-100g,0,7,0%,9.29
https://www.ideallivs.com/product/mdh-sambhar-masala-100g,0,7,0%,10.43
https://www.ideallivs.com/product/tindoora,0,7,0%,13.14
https://www.ideallivs.com/product/heera-idli-mix-1-kg,0,7,0%,15.86
https://www.ideallivs.com/brand/hamdard,0,7,0%,26.14
https://www.ideallivs.com/product/maggi-arome-seasoning-200ml,0,7,0%,28.57
https://www.ideallivs.com/product/heera-agarbati-pure-jasmine,0,7,0%,31.57
https://www.ideallivs.com/finding-the-best-indian-pakistani-grocery-store-in-stockholm,0,7,0%,41
https://www.ideallivs.com/product/shan-easy-cook-haleem-mix-300g?add-to-cart=375,0,6,0%,1
https://www.ideallivs.com/product/telephone-sat-ispaghol-100g,0,6,0%,2.17
https://www.ideallivs.com/product/vatika-naturals-neem-purifying-soap,0,6,0%,2.17
https://www.ideallivs.com/product/mdh-deggi-mirch?add-to-cart=356,0,6,0%,2.5
https://www.ideallivs.com/product/delta-cashewnotter-250g,0,6,0%,2.83
https://www.ideallivs.com/shop/heera-desiccated-coconut-fine,0,6,0%,2.83
https://www.ideallivs.com/product/heera-red-peanuts-1-kg,0,6,0%,3.33
https://www.ideallivs.com/product/malik-foods-madras-pappad-150g,0,6,0%,3.33
https://www.ideallivs.com/product/heera-gram-flour-2-kg,0,6,0%,3.83
https://www.ideallivs.com/brand/fruiti-o,0,6,0%,4
https://www.ideallivs.com/shop/fresh-drum-sticks,0,6,0%,4.17
https://www.ideallivs.com/product/kaalar-extra-long-grain-steam-rice-5kg,0,6,0%,4.33
https://www.ideallivs.com/brand/himaliya,0,6,0%,4.67
https://www.ideallivs.com/product/jabsons-roasted-haldi-chana,0,6,0%,4.83
https://www.ideallivs.com/product/heera-garam-masala-powder,0,6,0%,5.17
https://www.ideallivs.com/product/malik-foods-sendha-namak?add-to-cart=354,0,6,0%,5.17
https://www.ideallivs.com/product/bombay-wala-tandoori-roti-300g,0,6,0%,6
https://www.ideallivs.com/product/dabur-amla-anti-dandruff-hair-oil-200ml?add-to-cart=730,0,6,0%,6
https://www.ideallivs.com/product/trs-star-aniseeds,0,6,0%,7
https://www.ideallivs.com/product/a1-manzoor-taftan,0,6,0%,7.5
https://www.ideallivs.com/product/fresh-farsk-indian-egypt-guava,0,6,0%,7.5
https://www.ideallivs.com/product/trs-cloves-250g,0,6,0%,7.67
https://www.ideallivs.com/product/trs-coconut-milk-400ml,0,6,0%,7.67
https://www.ideallivs.com/product/trs-black-pepper-coarse-400-gsm,0,6,0%,7.83
https://www.ideallivs.com/product/hr-masala-moong-dal-200g,0,6,0%,8
https://www.ideallivs.com/product/sweetened-mango-pulp-850g,0,6,0%,8.33
https://www.ideallivs.com/product/mtr-rice-idli-ready-mix?add-to-cart=369,0,6,0%,8.5
https://www.ideallivs.com/product/malik-plain-paratha-5-pcs-400g,0,6,0%,9
https://www.ideallivs.com/brand/falak,0,6,0%,10
https://www.ideallivs.com/product/maggi-masala-chilli-sauce-400-ml,0,6,0%,10.83
https://www.ideallivs.com/product/mdh-dal-makhani-masala-100g,0,6,0%,10.83
https://www.ideallivs.com/product/national-garlic-pickle-310g,0,6,0%,11.83
https://www.ideallivs.com/product/ktc-coconut-oil-250-ml,0,6,0%,12.5
https://www.ideallivs.com/product/indian-costus-powder?add-to-cart=362,0,6,0%,14.5
https://www.ideallivs.com/product/hadeel-chana-dal-2-kg,0,6,0%,16.17
https://www.ideallivs.com/product/kurkre-chilli-chatka,0,6,0%,16.17
https://www.ideallivs.com/product/trs-cloves-50g,0,6,0%,16.17
https://www.ideallivs.com/blog/paneer-butter-masala-recipe,0,6,0%,34.83
https://www.ideallivs.com/product/pataks-mango-pickle-hot-283g,0,6,0%,81.33
https://www.ideallivs.com/product/flute-vanille-agarbatti,0,5,0%,1
https://www.ideallivs.com/product/indian-costus-powder?add-to-cart=107,0,5,0%,2
https://www.ideallivs.com/product/heera-haldi-turmeric-powder-1kg,0,5,0%,2.4
https://www.ideallivs.com/product/laziza-kheer-mix-pista-coconut155gm?add-to-cart=629,0,5,0%,2.6
https://www.ideallivs.com/product/desi-roasted-chana-unsalted-700g,0,5,0%,2.8
https://www.ideallivs.com/product/tjy-spring-rolls-250-mm-30-sheets?add-to-cart=516,0,5,0%,3
https://www.ideallivs.com/product/hr-long-sev-200gm,0,5,0%,3.4
https://www.ideallivs.com/brand/phulki,0,5,0%,3.8
https://www.ideallivs.com/product-category/ground-spices,0,5,0%,4.4
https://www.ideallivs.com/product/hadeel-mung-dal-2kg,0,5,0%,4.6
https://www.ideallivs.com/product/national-delhi-nihari-82-gm-2packs?add-to-cart=117,0,5,0%,4.6
https://www.ideallivs.com/brand/al-baker,0,5,0%,5.4
https://www.ideallivs.com/product/guard-sella-easy-cook-rice-1-kg?add-to-cart=208,0,5,0%,5.4
https://www.ideallivs.com/product/tata-tea-premium-450g,0,5,0%,5.8
https://www.ideallivs.com/product/trs-whole-dried-red-chillies,0,5,0%,6.2
https://www.ideallivs.com/product/laziza-custard-vanilla-300g,0,5,0%,6.8
https://www.ideallivs.com/shop/trs-ginger-powder-400gm,0,5,0%,6.8
https://www.ideallivs.com/brand/hajmola,0,5,0%,7
https://www.ideallivs.com/product/trs-dhania-powder-400gm,0,5,0%,7
https://www.ideallivs.com/product/ig-idli-rice-5-kg,0,5,0%,7.2
https://www.ideallivs.com/product/trs-jeera-powderkumin-400-gm,0,5,0%,7.2
https://www.ideallivs.com/product/alibaba-roasted-salted-chana-250g,0,5,0%,7.4
https://www.ideallivs.com/product/trs-dal-chini,0,5,0%,7.4
https://www.ideallivs.com/product/fanta-orange-low-calorie-330ml,0,5,0%,7.6
https://www.ideallivs.com/product/heera-birds-eye-chilli,0,5,0%,7.6
https://www.ideallivs.com/rice-in-stockholm?add-to-cart=874,0,5,0%,7.6
https://www.ideallivs.com/product/ig-ponni-boiled-rice-5-kg?add-to-cart=202,0,5,0%,8.4
https://www.ideallivs.com/product/red-label-tea-500gm,0,5,0%,8.4
https://www.ideallivs.com/product/crown-reshmi-kebab-chicken-15stk,0,5,0%,9.2
https://www.ideallivs.com/brand/nocco,0,5,0%,9.8
https://www.ideallivs.com/product/laziza-kheer-mix-pista-coconut155gm,0,5,0%,9.8
https://www.ideallivs.com/brand/bikano,0,5,0%,10
https://www.ideallivs.com/product/small-onion,0,5,0%,11.6
https://www.ideallivs.com/product/shan-mixed-pickle-300g,0,5,0%,14.4
https://www.ideallivs.com/product/fresh-alphonso-mangoes-1-4-kg-net,0,5,0%,14.8
https://www.ideallivs.com/product/trs-shahi-kala-jeera-50-gsm?add-to-cart=808,0,5,0%,14.8
https://www.ideallivs.com/product/desi-pesi-gur-500gm-premium,0,5,0%,15
https://www.ideallivs.com/product/shan-special-bombay-biryani-masala-60g,0,5,0%,18
https://www.ideallivs.com/product/national-kasuri-methi-100g,0,5,0%,20.2
https://www.ideallivs.com/product/haldiram-batata-vada-6-pcs-300g,0,5,0%,21
https://www.ideallivs.com/product/bombay-wala-punjabi-samosa-6-pcs,0,5,0%,23.6
https://www.ideallivs.com/brand/natco,0,5,0%,29.2
https://www.ideallivs.com/product/tata-tea-premium-900g,0,5,0%,52.4
https://www.ideallivs.com/product/pataks-tikka-marinade-paste-300-g,0,5,0%,97.8
https://www.ideallivs.com/product/ig-jeerakasala-rice-5kg?add-to-cart=211,0,4,0%,1
https://www.ideallivs.com/product/indian-costus-powder?add-to-cart=374,0,4,0%,1
https://www.ideallivs.com/product/jalebi-namak-para?add-to-cart=630,0,4,0%,1
https://www.ideallivs.com/product/trs-alu-bukhara-200g?add-to-cart=365,0,4,0%,1
https://www.ideallivs.com/product/haldirams-peanut-gajjak?add-to-cart=434,0,4,0%,1.5
https://www.ideallivs.com/product/national-beef-biryani-78g?add-to-cart=375,0,4,0%,2.5
https://www.ideallivs.com/product/ahmed-kheer-mix-kewra-elaichi,0,4,0%,2.75
https://www.ideallivs.com/product/national-delhi-nihari-82-gm-2packs?add-to-cart=108,0,4,0%,2.75
https://www.ideallivs.com/my-account,0,4,0%,3
https://www.ideallivs.com/product/wagh-bakri-tea-1-kg,0,4,0%,3
https://www.ideallivs.com/product/ahmed-kheer-mix-plain?add-to-cart=884,0,4,0%,3.25
https://www.ideallivs.com/product/mtr-rice-idli-ready-mix,0,4,0%,3.25
https://www.ideallivs.com/product/ahmed-mango-jelly-70g,0,4,0%,3.75
https://www.ideallivs.com/product/desi-punjabi-shakkar-500g,0,4,0%,3.75
https://www.ideallivs.com/brand/top,0,4,0%,4
https://www.ideallivs.com/product/annam-upma-rava-1kg?add-to-cart=582,0,4,0%,4.25
https://www.ideallivs.com/product/bombaywala-fried-patra-320g?add-to-cart=516,0,4,0%,4.25
https://www.ideallivs.com/product/regal-egg-free-cake-rusks-18pcs,0,4,0%,4.25
https://www.ideallivs.com/product-category/cooked-boiled,0,4,0%,4.5
https://www.ideallivs.com/product/haldiram-home-style-paratha-360g,0,4,0%,4.5
https://www.ideallivs.com/product/heera-dhania-powder-400gm,0,4,0%,4.5
https://www.ideallivs.com/product/trs-methi-seeds,0,4,0%,4.5
https://www.ideallivs.com/product/deepak-dalia-500g,0,4,0%,4.75
https://www.ideallivs.com/product/jalebi-namak-para?add-to-cart=658,0,4,0%,4.75
https://www.ideallivs.com/product/laddu-gulab-jamun-barfi-sweets?add-to-cart=656,0,4,0%,4.75
https://www.ideallivs.com/product/monster-energy-500ml?add-to-cart=544,0,4,0%,4.75
https://www.ideallivs.com/product/trs-ginger-powder,0,4,0%,4.75
https://www.ideallivs.com/product-category/tea-coffee-beverages,0,4,0%,5
https://www.ideallivs.com/product/fresh-frsk-dudhi-bottle-gourd-loki,0,4,0%,5
https://www.ideallivs.com/product/heera-saffron-threads-2-gm,0,4,0%,5
https://www.ideallivs.com/shop/category/beard-colour,0,4,0%,5
https://www.ideallivs.com/product/annam-toor-dall,0,4,0%,5.25
https://www.ideallivs.com/product/laziza-falooda-pista-200-gm,0,4,0%,5.25
https://www.ideallivs.com/product/bombay-wala-grated-coconut-315g,0,4,0%,5.75
https://www.ideallivs.com/product/cluster-beans-gawar,0,4,0%,5.75
https://www.ideallivs.com/product/mtr-dosa-mix-500g-instant-mix?add-to-cart=114,0,4,0%,5.75
https://www.ideallivs.com/brand/amoy,0,4,0%,6
https://www.ideallivs.com/brand/indian,0,4,0%,6.25
https://www.ideallivs.com/product/chings-hot-garlic-noodles-240-gms,0,4,0%,6.25
https://www.ideallivs.com/product/trs-garam-masala-powder,0,4,0%,6.25
https://www.ideallivs.com/product/fresh-farsk-paneer?add-to-cart=693,0,4,0%,6.5
https://www.ideallivs.com/product/haldiram-rasgulla-1kg?add-to-cart=625,0,4,0%,6.5
https://www.ideallivs.com/product/heera-sago-seeds-500-gsm,0,4,0%,6.5
https://www.ideallivs.com/brand/aashirvaad,0,4,0%,6.75
https://www.ideallivs.com/product/crown-chapli-kebab-chicken-12-st,0,4,0%,6.75
https://www.ideallivs.com/product/malik-foods-chapati-20-pcs,0,4,0%,6.75
https://www.ideallivs.com/product/trs-dal-chini?add-to-cart=368,0,4,0%,6.75
https://www.ideallivs.com/product/pg-tips-40-tea-bags,0,4,0%,7.25
https://www.ideallivs.com/product/heera-garlic-powder-100g,0,4,0%,7.5
https://www.ideallivs.com/product/heera-black-cardamom-200g,0,4,0%,7.75
https://www.ideallivs.com/product/malik-foods-tandoori-naan,0,4,0%,7.75
https://www.ideallivs.com/product/delta-peanuts-skalade-natural-250g,0,4,0%,8
https://www.ideallivs.com/product/ktc-mustard-oil-pure-1-lit,0,4,0%,8.25
https://www.ideallivs.com/product/mtr-dosa-mix-500g-instant-mix?add-to-cart=123,0,4,0%,8.25
https://www.ideallivs.com/product/johnsons-baby-oil-300ml,0,4,0%,8.5
https://www.ideallivs.com/brand/monster,0,4,0%,8.75
https://www.ideallivs.com/product/maliks-phool-mahana-200g,0,4,0%,8.75
https://www.ideallivs.com/product/shangrila-peri-peri-sauce-285g,0,4,0%,8.75
https://www.ideallivs.com/product/trs-red-lentils-1kg,0,4,0%,8.75
https://www.ideallivs.com/shop/mtr-sambar-powder,0,4,0%,8.75
https://www.ideallivs.com/product/fresh-curry-leaves-packet?add-to-cart=673,0,4,0%,9
https://www.ideallivs.com/product/alibaba-red-kidney-beans-1-kg,0,4,0%,9.25
https://www.ideallivs.com/product/malik-foods-garlic-naan,0,4,0%,9.5
https://www.ideallivs.com/brand/ktc,0,4,0%,9.75
https://www.ideallivs.com/brand/tjy,0,4,0%,9.75
https://www.ideallivs.com/product/hr-pani-puri-360-gm,0,4,0%,10
https://www.ideallivs.com/brand/crown?add-to-cart=493,0,4,0%,10.75
https://www.ideallivs.com/product/ktc-jasmine-scented-hair-oil-250-ml,0,4,0%,10.75
https://www.ideallivs.com/product/national-tandoori-masala-82gm-2-packs?add-to-cart=119,0,4,0%,11
https://www.ideallivs.com/brand/mughal,0,4,0%,11.5
https://www.ideallivs.com/product/horlicks-400-gm?add-to-cart=613,0,4,0%,11.5
https://www.ideallivs.com/product/maliks-phool-mahana-200g?add-to-cart=430,0,4,0%,12
https://www.ideallivs.com/product/flute-agarbatti-forest,0,4,0%,13
https://www.ideallivs.com/product/jannat-xxl-1121-basmati-rice-5-kg?add-to-cart=193,0,4,0%,13.25
https://www.ideallivs.com/product/alibaba-toor-dal-2-kg,0,4,0%,13.75
https://www.ideallivs.com/product/cadbury-bourn-vita-500-gm,0,4,0%,14
https://www.ideallivs.com/product/heera-chick-peas-2kg,0,4,0%,14
https://www.ideallivs.com/product/annam-phool-makhana-100-gsm,0,4,0%,15.5
https://www.ideallivs.com/brand/lazzat,0,4,0%,15.75
https://www.ideallivs.com/product/bigen-mens-beard-colour-natural-black?add-to-cart=769,0,4,0%,16.5
https://www.ideallivs.com/brand/horlicks,0,4,0%,17
https://www.ideallivs.com/product/national-chana-masala-90gx2?add-to-cart=389,0,4,0%,17
https://www.ideallivs.com/product/heera-panch-puren-100g,0,4,0%,17.25
https://www.ideallivs.com/product/pataks-mango-chatni-mild-340-gm,0,4,0%,18
https://www.ideallivs.com/product/mdh-deggi-mirch?add-to-cart=367,0,4,0%,19.5
https://www.ideallivs.com/product/regal-cake-rusk-original-22stk,0,4,0%,27.25
https://www.ideallivs.com/product/chings-dark-soya-sauce-750g,0,4,0%,35
https://www.ideallivs.com/brand/bombay,0,4,0%,52
https://www.ideallivs.com/product/alibaba-urid-dal-1-kg?add-to-cart=173,0,3,0%,1
https://www.ideallivs.com/product/amoy-soya-sauce-150ml-dark,0,3,0%,1
https://www.ideallivs.com/product/annam-roasted-rava?add-to-cart=589,0,3,0%,1
https://www.ideallivs.com/product/fresh-drum-sticks?add-to-cart=664,0,3,0%,1
https://www.ideallivs.com/product/guard-sella-easy-cook-rice-1-kg,0,3,0%,1
https://www.ideallivs.com/product/heera-msd-chineese-salt-100g?add-to-cart=105,0,3,0%,1
https://www.ideallivs.com/product/jalebi-namak-para?add-to-cart=693,0,3,0%,1
https://www.ideallivs.com/product/kolson-slanty-jalapeno-60g,0,3,0%,1
https://www.ideallivs.com/product/ktc-castor-oil-250-ml?add-to-cart=723,0,3,0%,1
https://www.ideallivs.com/product/tjy-spring-rolls-250-mm-30-sheets?add-to-cart=523,0,3,0%,1
https://www.ideallivs.com/product/vatika-naturals-olive-nourishing-soap?add-to-cart=736,0,3,0%,1
https://www.ideallivs.com/product/telephone-sat-ispaghol-200g?add-to-cart=570,0,3,0%,1.33
https://www.ideallivs.com/product/a1-mini-cocktail-p-samosa-25-pcs?add-to-cart=511,0,3,0%,1.67
https://www.ideallivs.com/product/bigen-mens-beard-colour-natural-black?add-to-cart=755,0,3,0%,1.67
https://www.ideallivs.com/product/delta-pistagenotter-skalade-150g,0,3,0%,1.67
https://www.ideallivs.com/product/haldirams-frozen-railway-cutlets?add-to-cart=494,0,3,0%,1.67
https://www.ideallivs.com/product/heera-agarbati-pure-chandan,0,3,0%,1.67
https://www.ideallivs.com/product/mdh-karahi-gosht-masala,0,3,0%,1.67
https://www.ideallivs.com/product/national-qeema-masala-78gm-2packs,0,3,0%,1.67
https://www.ideallivs.com/product/ig-sona-masoori-rice-5kg?add-to-cart=203,0,3,0%,2
https://www.ideallivs.com/product/parle-g-biscuits-79-g,0,3,0%,2
https://www.ideallivs.com/product/priya-gongura-pickle-300-gm,0,3,0%,2
https://www.ideallivs.com/shop/power-sugar-free-drink-250ml-with-pant,0,3,0%,2
https://www.ideallivs.com/brand/fanta,0,3,0%,2.33
https://www.ideallivs.com/product/national-daal-makhni-74g,0,3,0%,2.33
https://www.ideallivs.com/product/dabur-red-tooth-paste,0,3,0%,2.67
https://www.ideallivs.com/product/desi-punjabi-desi-gur-1-kg?add-to-cart=632,0,3,0%,2.67
https://www.ideallivs.com/product/haldirams-frozen-home-style-paratha360-gms?add-to-cart=512,0,3,0%,2.67
https://www.ideallivs.com/product/haldirams-frozen-veg-shami-kebab300g?add-to-cart=505,0,3,0%,2.67
https://www.ideallivs.com/product/heera-far-far-chokdi-200g,0,3,0%,2.67
https://www.ideallivs.com/product/hr-onion-paratha-400g,0,3,0%,2.67
https://www.ideallivs.com/product/mahmood-basmati-rice-4-5-kg?add-to-cart=192,0,3,0%,2.67
https://www.ideallivs.com/product/trs-green-cardamom-50g,0,3,0%,2.67
https://www.ideallivs.com/shop/national-kasuri-methi-100g,0,3,0%,2.67
https://www.ideallivs.com/brand/hadeel,0,3,0%,3
https://www.ideallivs.com/product/desi-pesi-gur-1kg-premium,0,3,0%,3
https://www.ideallivs.com/product/trs-ginger-powder-400gm,0,3,0%,3
https://www.ideallivs.com/product/trs-plain-papadam-200gm-pack,0,3,0%,3.33
https://www.ideallivs.com/product/vaseline-jelly-100ml,0,3,0%,3.33
https://www.ideallivs.com/rice-in-stockholm?add-to-cart=206,0,3,0%,3.33
https://www.ideallivs.com/product-category/personal-care,0,3,0%,3.67
https://www.ideallivs.com/product/hadeel-brown-lentils-2kg,0,3,0%,3.67
https://www.ideallivs.com/product/trs-shahi-kala-jeera-50-gsm?add-to-cart=807,0,3,0%,3.67
https://www.ideallivs.com/shop/category/lentils-beans-dals,0,3,0%,3.67
https://www.ideallivs.com/brand/annam,0,3,0%,4
https://www.ideallivs.com/product/ab-pheni-150g?add-to-cart=428,0,3,0%,4
https://www.ideallivs.com/product/delta-sot-mandel-skalade-250g,0,3,0%,4
https://www.ideallivs.com/product/parle-g-premium-rusk-600-g,0,3,0%,4
https://www.ideallivs.com/product/annam-bombay-rava?add-to-cart=4643,0,3,0%,4.33
https://www.ideallivs.com/product/haldirams-frozen-cocktail-samosas-28-pcs-650g?add-to-cart=520,0,3,0%,4.33
https://www.ideallivs.com/product/trs-jeera-powderkumin-100-gm,0,3,0%,4.33
https://www.ideallivs.com/product/trs-semolina-fine-500g,0,3,0%,4.33
https://www.ideallivs.com/choosing-the-right-rice?add-to-cart=719,0,3,0%,4.67
https://www.ideallivs.com/product/crown-chicken-samosa-20-st,0,3,0%,4.67
https://www.ideallivs.com/product/deepak-chakki-atta-5kg,0,3,0%,4.67
https://www.ideallivs.com/product/desi-roasted-gram-split-daria-700g,0,3,0%,4.67
https://www.ideallivs.com/product/jalebi-namak-para,0,3,0%,4.67
https://www.ideallivs.com/product/trs-dalchinikanel-400-gm,0,3,0%,4.67
https://www.ideallivs.com/product/heera-agarbati-saffron-rose,0,3,0%,5
https://www.ideallivs.com/product/national-mixed-pickle-1-kg,0,3,0%,5
https://www.ideallivs.com/product/nestle-nido-milk-powder-400-gm?add-to-cart=647,0,3,0%,5
https://www.ideallivs.com/product/pg-tips-loose-tea-1-5kg?add-to-cart=225,0,3,0%,5
https://www.ideallivs.com/product/bombay-wala-spring-rolls-100-pcs,0,3,0%,5.33
https://www.ideallivs.com/product/bombay-wala-tandoori-naan-400gm,0,3,0%,5.33
https://www.ideallivs.com/product/trs-food-color-25gm-yellow,0,3,0%,5.33
https://www.ideallivs.com/shop/category/herbs-roots,0,3,0%,5.33
https://www.ideallivs.com/category/handla-mat-pa-natet,0,3,0%,5.67
https://www.ideallivs.com/product/desi-punjabi-desi-gur-500g,0,3,0%,5.67
https://www.ideallivs.com/shop/trs-dried-coconut-halves-250-g,0,3,0%,5.67
https://www.ideallivs.com/product-category/canned-jarred-goods,0,3,0%,6
https://www.ideallivs.com/product/annam-sona-masori-rice-5-kg,0,3,0%,6
https://www.ideallivs.com/product/lazzat-green-chilli-sauce-330g,0,3,0%,6
https://www.ideallivs.com/product-category/chick-peas,0,3,0%,6.33
https://www.ideallivs.com/product/bombay-wala-tandoori-naan-400gm?add-to-cart=502,0,3,0%,6.33
https://www.ideallivs.com/product/trs-toor-dal-1-kg?add-to-cart=173,0,3,0%,6.33
https://www.ideallivs.com/product/alibaba-chana-dal-1-kg,0,3,0%,6.67
https://www.ideallivs.com/shop/india-gate-premium-basmati-rice-5kg,0,3,0%,6.67
https://www.ideallivs.com/product/trs-fennel-seeds-100g,0,3,0%,7
https://www.ideallivs.com/brand/heera,0,3,0%,7.67
https://www.ideallivs.com/product/bombaywala-kaju-katli,0,3,0%,7.67
https://www.ideallivs.com/product/fanta-orange-low-calorie-330ml?add-to-cart=547,0,3,0%,7.67
https://www.ideallivs.com/product-category/fresh-produce/paneer-fresh-produce,0,3,0%,8
https://www.ideallivs.com/product/national-chicken-biryani-82g?add-to-cart=118,0,3,0%,8
https://www.ideallivs.com/product/pataks-vindaloo-paste-283-g,0,3,0%,8
https://www.ideallivs.com/shop/category/flour,0,3,0%,8
https://www.ideallivs.com/brand/swarna,0,3,0%,8.33
https://www.ideallivs.com/product/amoy-soya-sauce-150ml-light,0,3,0%,8.33
https://www.ideallivs.com/product/ktc-almond-oil-300-ml,0,3,0%,9
https://www.ideallivs.com/product/alibaba-roasted-chana-250g,0,3,0%,9.67
https://www.ideallivs.com/product/anjappar-sona-masori-rice-10-kg?add-to-cart=195,0,3,0%,9.67
https://www.ideallivs.com/product/guard-ultimate-basmati-rice-5-kg?add-to-cart=207,0,3,0%,9.67
https://www.ideallivs.com/product/shan-special-shahi-haleem-300g,0,3,0%,9.67
https://www.ideallivs.com/product/trs-rose-water-190-ml,0,3,0%,9.67
https://www.ideallivs.com/product/national-mango-pickle-1-kg,0,3,0%,10.33
https://www.ideallivs.com/product/shan-paya-masala-50g,0,3,0%,10.33
https://www.ideallivs.com/shop/category/agarbatti,0,3,0%,10.33
https://www.ideallivs.com/product/heera-methi-seedsfenugreek-100g,0,3,0%,10.67
https://www.ideallivs.com/product/national-chatt-pata-pakora-mix?add-to-cart=348,0,3,0%,11
https://www.ideallivs.com/product-category/jam,0,3,0%,12
https://www.ideallivs.com/product/wagh-bakri-tulsi-green-tea-25-bags,0,3,0%,12.33
https://www.ideallivs.com/brand/kissan,0,3,0%,12.67
https://www.ideallivs.com/brand/samyang,0,3,0%,13
https://www.ideallivs.com/product/national-chicken-tikka-88gm-2-packs,0,3,0%,14
https://www.ideallivs.com/product/tjy-spring-rolls-190mm-50-sheets?add-to-cart=522,0,3,0%,14
https://www.ideallivs.com/product/crown-seekh-kebab-lamb-15-pcs,0,3,0%,14.33
https://www.ideallivs.com/product/trs-ajwain-seeds-300g?add-to-cart=850,0,3,0%,14.33
https://www.ideallivs.com/product-category/beard-colour,0,3,0%,14.67
https://www.ideallivs.com/product/fresh-frsk-okra?add-to-cart=668,0,3,0%,15.67
https://www.ideallivs.com/shop/nestle-cerelac-400-g,0,3,0%,15.67
https://www.ideallivs.com/brand/preema,0,3,0%,18
https://www.ideallivs.com/shop/garlic-vitlok-500g,0,3,0%,18.33
https://www.ideallivs.com/product/national-mutton-biryani-78g,0,3,0%,20
https://www.ideallivs.com/product/national-kasuri-methi-50g?add-to-cart=401,0,3,0%,23.33
https://www.ideallivs.com/product/trs-brown-mustard-seeds-400g,0,3,0%,24
https://www.ideallivs.com/brand/cadbury,0,3,0%,25
https://www.ideallivs.com/product/tang-mango?add-to-cart=569,0,3,0%,25
https://www.ideallivs.com/brand/mtr?add-to-cart=3178,0,3,0%,36.67
https://www.ideallivs.com/product/national-chatt-pata-pakora-mix?add-to-cart=403,0,3,0%,39
https://www.ideallivs.com/product/natco-jeera-powder-400gcumin-ground,0,3,0%,43.33
https://www.ideallivs.com/product/trs-ragi-flour-1-kg?add-to-cart=605,0,3,0%,59.33
https://www.ideallivs.com/brand/taaza,0,2,0%,1
https://www.ideallivs.com/prepared-meals,0,2,0%,1
https://www.ideallivs.com/product-category/tradional-sweets,0,2,0%,1
https://www.ideallivs.com/product/ahmed-apple-cider-vinagar-450ml,0,2,0%,1
https://www.ideallivs.com/product/fresh-brinjal,0,2,0%,1
https://www.ideallivs.com/product/haldiram-chakoli-200gm?add-to-cart=429,0,2,0%,1
https://www.ideallivs.com/product/haldiram-chakoli-200gm?add-to-cart=434,0,2,0%,1
https://www.ideallivs.com/product/hamdard-rooh-afza-syrup-800-ml?add-to-cart=548,0,2,0%,1
https://www.ideallivs.com/product/heera-moong-daal-chilka-1-kg,0,2,0%,1
https://www.ideallivs.com/product/heera-roasted-daria-split-700g?add-to-cart=423,0,2,0%,1
https://www.ideallivs.com/product/jalebi-namak-para?add-to-cart=657,0,2,0%,1
https://www.ideallivs.com/product/khanum-butter-ghee-2-kg?add-to-cart=248,0,2,0%,1
https://www.ideallivs.com/product/ktc-castor-oil-250-ml?add-to-cart=730,0,2,0%,1
https://www.ideallivs.com/product/mdh-chana-masala?add-to-cart=360,0,2,0%,1
https://www.ideallivs.com/product/trs-fennel-seeds-400g,0,2,0%,1
https://www.ideallivs.com/product/trs-whole-red-chillies-50-g?add-to-cart=366,0,2,0%,1
https://www.ideallivs.com/brand/ahmed,0,2,0%,1.5
https://www.ideallivs.com/product-category/vegetables,0,2,0%,1.5
https://www.ideallivs.com/product/annam-idly-rava-1-kg?add-to-cart=196,0,2,0%,1.5
https://www.ideallivs.com/product/haldirams-frozen-lachha-paratha-value-pack-1-2kg?add-to-cart=513,0,2,0%,1.5
https://www.ideallivs.com/product/malik-kewra-water-200-ml,0,2,0%,1.5
https://www.ideallivs.com/product/shan-mango-pickle-1-kg?add-to-cart=305,0,2,0%,1.5
https://www.ideallivs.com/product-category/vegan-food,0,2,0%,2
https://www.ideallivs.com/product/bueno-kokta-roda-bonor-570g,0,2,0%,2
https://www.ideallivs.com/product/desi-punjabi-desi-gur-1-kg?add-to-cart=661,0,2,0%,2
https://www.ideallivs.com/product/haldirams-frozen-punjabi-samosas-8-pcs?add-to-cart=504,0,2,0%,2
https://www.ideallivs.com/product/tang-orange?add-to-cart=653,0,2,0%,2
https://www.ideallivs.com/product/tjy-spring-rolls-215-mm-40-sheets?add-to-cart=510,0,2,0%,2
https://www.ideallivs.com/product/bikano-besan-burfi?add-to-cart=429,0,2,0%,2.5
https://www.ideallivs.com/product/haldiram-aloo-gobi-paratha-400g,0,2,0%,2.5
https://www.ideallivs.com/product/ktc-mustard-oil-pure-250-ml?add-to-cart=747,0,2,0%,2.5
https://www.ideallivs.com/product/neha-rachni-mehandi?add-to-cart=765,0,2,0%,2.5
https://www.ideallivs.com/product/parle-platina-hide-n-seek-orange-112g,0,2,0%,2.5
https://www.ideallivs.com/product/shan-ginger-garlic-paste-310-gm,0,2,0%,2.5
https://www.ideallivs.com/product/tjy-spring-rolls-250-mm-30-sheets?add-to-cart=520,0,2,0%,2.5
https://www.ideallivs.com/product/alibaba-urid-dal-1-kg,0,2,0%,3
https://www.ideallivs.com/product/bombay-wala-frozen-methi-315g,0,2,0%,3
https://www.ideallivs.com/product/delta-studentnotter-bonsai-250g,0,2,0%,3
https://www.ideallivs.com/product/mtr-sambar-rice-300g,0,2,0%,3
https://www.ideallivs.com/shop/category/canned-jarred-goods,0,2,0%,3
https://www.ideallivs.com/brand/hasten,0,2,0%,3.5
https://www.ideallivs.com/product/fresh-farsk-green-chilli,0,2,0%,3.5
https://www.ideallivs.com/product/heera-phool-makhana-100-gsm?add-to-cart=432,0,2,0%,3.5
https://www.ideallivs.com/product/aashirvaad-chakki-atta-5kg?add-to-cart=76,0,2,0%,4
https://www.ideallivs.com/product/bigen-mens-beard-colour-dark-brown?add-to-cart=769,0,2,0%,4
https://www.ideallivs.com/product/kurkure-green-chutney-style,0,2,0%,4
https://www.ideallivs.com/product/mdh-kasuri-methi?add-to-cart=362,0,2,0%,4
https://www.ideallivs.com/product/monster-energy-500ml?add-to-cart=567,0,2,0%,4
https://www.ideallivs.com/product/mtr-rice-idli-ready-mix?add-to-cart=374,0,2,0%,4
https://www.ideallivs.com/product/pataks-chili-pickle-283g,0,2,0%,4
https://www.ideallivs.com/product/power-energy-drink-250ml-with-pant?add-to-cart=558,0,2,0%,4
https://www.ideallivs.com/product/subhan-sona-masori-rice-5-kg?add-to-cart=188,0,2,0%,4
https://www.ideallivs.com/product/trs-brown-lentils-2kg,0,2,0%,4
https://www.ideallivs.com/product/trs-green-raisins-100g,0,2,0%,4
https://www.ideallivs.com/product/annam-urid-gota-2-kg,0,2,0%,4.5
https://www.ideallivs.com/product/heera-corn-meal-fine-15kg,0,2,0%,4.5
https://www.ideallivs.com/product/tang-mango?add-to-cart=570,0,2,0%,4.5
https://www.ideallivs.com/product/trs-mango-pulp-kesar-850g,0,2,0%,4.5
https://www.ideallivs.com/product/haldiram-dal-palak-300g?add-to-cart=721,0,2,0%,5
https://www.ideallivs.com/product/malik-foods-manpasand-mukhwas?add-to-cart=427,0,2,0%,5
https://www.ideallivs.com/product/tata-premium-tea-1kg,0,2,0%,5
https://www.ideallivs.com/shop/fruiti-o-juice-drink,0,2,0%,5
https://www.ideallivs.com/brand/bigen,0,2,0%,5.5
https://www.ideallivs.com/product/amoy-soya-sauce-150ml-dark?add-to-cart=330,0,2,0%,5.5
https://www.ideallivs.com/product/bikano-soan-papdi?add-to-cart=424,0,2,0%,5.5
https://www.ideallivs.com/product/garimaa-gold-long-grain-basmati-rice?add-to-cart=210,0,2,0%,5.5
https://www.ideallivs.com/product/laziza-custard-pistachio-300gm,0,2,0%,5.5
https://www.ideallivs.com/product/a1-manzoor-lahori-kulcha-480g,0,2,0%,6
https://www.ideallivs.com/product/alwaid-solrosolja-5-lit?add-to-cart=3553,0,2,0%,6
https://www.ideallivs.com/product/bikano-besan-ladoo,0,2,0%,6
https://www.ideallivs.com/product/fresh-frsk-ridged-gourd-turai,0,2,0%,6
https://www.ideallivs.com/product/guard-sella-easy-cook-rice-5kg?add-to-cart=199,0,2,0%,6
https://www.ideallivs.com/product/horlicks-400-gm,0,2,0%,6
https://www.ideallivs.com/product/phulki-250-gsm?add-to-cart=430,0,2,0%,6
https://www.ideallivs.com/product/trs-flake-rice-powa-thick-1-kg?add-to-cart=207,0,2,0%,6
https://www.ideallivs.com/product/trs-tamarind-with-seed-400g,0,2,0%,6
https://www.ideallivs.com/shop/heera-dried-coconut-halves,0,2,0%,6
https://www.ideallivs.com/brand/alwaid,0,2,0%,6.5
https://www.ideallivs.com/brand/cola,0,2,0%,6.5
https://www.ideallivs.com/brand/tang,0,2,0%,6.5
https://www.ideallivs.com/product/heera-urid-daal-washed-1-kg?add-to-cart=167,0,2,0%,6.5
https://www.ideallivs.com/product/mdh-sabji-masala?add-to-cart=368,0,2,0%,6.5
https://www.ideallivs.com/product/pataks-mild-curry-paste?add-to-cart=324,0,2,0%,6.5
https://www.ideallivs.com/brand/hemani,0,2,0%,7
https://www.ideallivs.com/product-category/spice-blends,0,2,0%,7
https://www.ideallivs.com/product/india-gate-classic-basmati-rice-1kg?add-to-cart=217,0,2,0%,7
https://www.ideallivs.com/product/metro-red-rose-n-lavender-18stk,0,2,0%,7
https://www.ideallivs.com/product/national-chicken-white-karahi-80-g-2-packs,0,2,0%,7
https://www.ideallivs.com/product/shan-kofta-masala-50gm?add-to-cart=101,0,2,0%,7
https://www.ideallivs.com/brand/d-va,0,2,0%,7.5
https://www.ideallivs.com/product/heera-bajri-flour-1-kg,0,2,0%,7.5
https://www.ideallivs.com/product/sun-dip-mango-jam-430g,0,2,0%,7.5
https://www.ideallivs.com/blog/rice-in-stockholm,0,2,0%,8
https://www.ideallivs.com/brand/fresh-frsk,0,2,0%,8
https://www.ideallivs.com/brand/neha,0,2,0%,8
https://www.ideallivs.com/product/flute-agarbatti-sandalwood,0,2,0%,8
https://www.ideallivs.com/product/trs-flake-rice-powa-thick-1-kg,0,2,0%,8
https://www.ideallivs.com/brand/a1,0,2,0%,8.5
https://www.ideallivs.com/brand/gurka,0,2,0%,8.5
https://www.ideallivs.com/product/mdh-deggi-mirch?add-to-cart=370,0,2,0%,8.5
https://www.ideallivs.com/product/shan-chilli-pickle-1-kg,0,2,0%,8.5
https://www.ideallivs.com/product/shan-tikka-masala-50g,0,2,0%,8.5
https://www.ideallivs.com/brand/mtr?add-to-cart=542,0,2,0%,9
https://www.ideallivs.com/product-category/electric,0,2,0%,9
https://www.ideallivs.com/product/amoy-soya-sauce-150ml-dark?add-to-cart=320,0,2,0%,9
https://www.ideallivs.com/product/national-chapli-kebab-144gm-2-packs?add-to-cart=124,0,2,0%,9
https://www.ideallivs.com/product/trs-crushed-chillies-ex-hot-250g?add-to-cart=110,0,2,0%,9
https://www.ideallivs.com/product/trs-pink-peanuts-1-5-kg,0,2,0%,9
https://www.ideallivs.com/product-category/fresh-produce/fruits,0,2,0%,9.5
https://www.ideallivs.com/product/ab-premium-gram-flour?add-to-cart=89,0,2,0%,9.5
https://www.ideallivs.com/product/dabur-chyawanprash-500g,0,2,0%,9.5
https://www.ideallivs.com/product/zingo-zero-citron-33cl?add-to-cart=568,0,2,0%,9.5
https://www.ideallivs.com/product-category/hair-oils,0,2,0%,10
https://www.ideallivs.com/product/heera-toor-dall-plain-2-kg,0,2,0%,10
https://www.ideallivs.com/product/heera-urid-whole-gota-500g,0,2,0%,10
https://www.ideallivs.com/product/trs-food-color-25gm-deep-orange,0,2,0%,10
https://www.ideallivs.com/product/jabsons-roasted-gud-chana-150g,0,2,0%,10.5
https://www.ideallivs.com/product/swarna-chakki-fresh-atta?add-to-cart=74,0,2,0%,10.5
https://www.ideallivs.com/brand/eco,0,2,0%,11
https://www.ideallivs.com/product/mtr-rajma-masala-300g,0,2,0%,11
https://www.ideallivs.com/product/shan-lahori-fish-100g?add-to-cart=107,0,2,0%,11
https://www.ideallivs.com/product/trs-red-peanuts-375g,0,2,0%,11
https://www.ideallivs.com/brand/vatika,0,2,0%,11.5
https://www.ideallivs.com/product/ktc-castor-oil-250-ml?add-to-cart=760,0,2,0%,11.5
https://www.ideallivs.com/product/power-energy-drink-250ml-with-pant?add-to-cart=567,0,2,0%,12
https://www.ideallivs.com/product/priya-ginger-garlic-paste-300g,0,2,0%,12
https://www.ideallivs.com/product/trs-gram-flour-2-kg?add-to-cart=88,0,2,0%,12
https://www.ideallivs.com/product/trs-haldi-powder-2,0,2,0%,12
https://www.ideallivs.com/product/guard-ultimate-basmati-rice-5-kg?add-to-cart=199,0,2,0%,12.5
https://www.ideallivs.com/product/heera-brown-mustard-seeds-400g,0,2,0%,12.5
https://www.ideallivs.com/product/heera-kalonji-seeds-300gm,0,2,0%,12.5
https://www.ideallivs.com/product/national-mutton-biryani-78g?add-to-cart=121,0,2,0%,12.5
https://www.ideallivs.com/product/heera-tandoori-masala-400gm,0,2,0%,14
https://www.ideallivs.com/product/ig-nur-jahan-basmati-rice-5kg?add-to-cart=192,0,2,0%,14
https://www.ideallivs.com/product/crown-special-seekh-kebab-chicken-15-pcs,0,2,0%,16
https://www.ideallivs.com/product/heera-agarbati-pure-lavendar,0,2,0%,16
https://www.ideallivs.com/product/trs-soya-chunks?add-to-cart=167,0,2,0%,19
https://www.ideallivs.com/product/heera-peanut-butter-340g,0,2,0%,19.5
https://www.ideallivs.com/brand/elephant,0,2,0%,20
https://www.ideallivs.com/product/heera-roasted-upma-sooji-1-kg,0,2,0%,24
https://www.ideallivs.com/product-category/cooking-ingredients,0,2,0%,49
https://www.ideallivs.com/product/johnsons-baby-bath-300ml,0,2,0%,51
https://www.ideallivs.com/product/fresh-raw-mango,0,2,0%,57
https://www.ideallivs.com/product/trs-dal-chini?add-to-cart=367,0,2,0%,57
https://www.ideallivs.com/brand/aqu,0,1,0%,1
https://www.ideallivs.com/brand/bombaywala?add-to-cart=520,0,1,0%,1
https://www.ideallivs.com/brand/hadeel?add-to-cart=4836,0,1,0%,1
https://www.ideallivs.com/brand/tilda,0,1,0%,1
https://www.ideallivs.com/product-category/curry-masala,0,1,0%,1
https://www.ideallivs.com/product-category/food-colours-essences,0,1,0%,1
https://www.ideallivs.com/product-category/fresh-produce/vegetables,0,1,0%,1
https://www.ideallivs.com/product-category/indian-snacks,0,1,0%,1
https://www.ideallivs.com/product-category/sweets,0,1,0%,1
https://www.ideallivs.com/product-category/toor-dal,0,1,0%,1
https://www.ideallivs.com/product/ab-gram-flour-1-kg?add-to-cart=89,0,1,0%,1
https://www.ideallivs.com/product/ab-pheni-150g?add-to-cart=433,0,1,0%,1
https://www.ideallivs.com/product/annam-roasted-rava?add-to-cart=584,0,1,0%,1
https://www.ideallivs.com/product/bikano-besan-burfi?add-to-cart=437,0,1,0%,1
https://www.ideallivs.com/product/bikano-besan-burfi?add-to-cart=438,0,1,0%,1
https://www.ideallivs.com/product/bueno-kokta-kikarter-570g?add-to-cart=707,0,1,0%,1
https://www.ideallivs.com/product/crown-shami-kebab-chicken-15-st?add-to-cart=516,0,1,0%,1
https://www.ideallivs.com/product/deepak-maida-all-purpose-refined-wheat-flour?add-to-cart=579,0,1,0%,1
https://www.ideallivs.com/product/delta-pistagenotter-roasted-salted-j-250g,0,1,0%,1
https://www.ideallivs.com/product/delta-valnotter-250g?add-to-cart=884,0,1,0%,1
https://www.ideallivs.com/product/desi-gur-rewri-400-gm,0,1,0%,1
https://www.ideallivs.com/product/desi-roasted-gram-split-300g,0,1,0%,1
https://www.ideallivs.com/product/dettol-liquid-500ml?add-to-cart=692,0,1,0%,1
https://www.ideallivs.com/product/elephant-atta-medium-25-kg?add-to-cart=74,0,1,0%,1
https://www.ideallivs.com/product/flute-agarbatti-mulberry,0,1,0%,1
https://www.ideallivs.com/product/flute-vanille-agarbatti?add-to-cart=750,0,1,0%,1
https://www.ideallivs.com/product/fortune-kachi-ghani-pure-mustard-oil-1-l?add-to-cart=248,0,1,0%,1
https://www.ideallivs.com/product/fortune-kachi-ghani-pure-mustard-oil-1-l?add-to-cart=249,0,1,0%,1
https://www.ideallivs.com/product/fresh-curry-leaves-packet?add-to-cart=680,0,1,0%,1
https://www.ideallivs.com/product/fresh-frsk-baingen-bringen,0,1,0%,1
https://www.ideallivs.com/product/fresh-frsk-karela-bittergurka,0,1,0%,1
https://www.ideallivs.com/product/fresh-indian-red-chili?add-to-cart=851,0,1,0%,1
https://www.ideallivs.com/product/gurka?add-to-cart=668,0,1,0%,1
https://www.ideallivs.com/product/hadeel-toor-dal-2kg,0,1,0%,1
https://www.ideallivs.com/product/hajmola-regular-66-g,0,1,0%,1
https://www.ideallivs.com/product/haldiram-gulab-jamun-1kg?add-to-cart=661,0,1,0%,1
https://www.ideallivs.com/product/haldiram-rasgulla-1kg?add-to-cart=630,0,1,0%,1
https://www.ideallivs.com/product/haldirams-frozen-cocktail-samosas-28-pcs-650g?add-to-cart=522,0,1,0%,1
https://www.ideallivs.com/product/haldirams-frozen-home-style-paratha360-gms?add-to-cart=518,0,1,0%,1
https://www.ideallivs.com/product/haldirams-frozen-lachha-paratha-value-pack-1-2kg?add-to-cart=510,0,1,0%,1
https://www.ideallivs.com/product/haldirams-frozen-mooli-paratha-400g?add-to-cart=526,0,1,0%,1
https://www.ideallivs.com/product/haldirams-frozen-punjabi-samosas-8-pcs?add-to-cart=510,0,1,0%,1
https://www.ideallivs.com/product/hamdard-rooh-afza-syrup-800-ml?add-to-cart=560,0,1,0%,1
https://www.ideallivs.com/product/heera-black-pepper-whole-100g?add-to-cart=411,0,1,0%,1
https://www.ideallivs.com/product/heera-chana-dal-1-kg?add-to-cart=151,0,1,0%,1
https://www.ideallivs.com/product/heera-food-color-yellow-25g,0,1,0%,1
https://www.ideallivs.com/product/heera-garam-masala-powder?add-to-cart=361,0,1,0%,1
https://www.ideallivs.com/product/heera-moong-daal-chilka-1-kg?add-to-cart=142,0,1,0%,1
https://www.ideallivs.com/product/heera-moong-daal-chilka-1-kg?add-to-cart=162,0,1,0%,1
https://www.ideallivs.com/product/heera-red-chilli-powder-ex-hot-400g?add-to-cart=119,0,1,0%,1
https://www.ideallivs.com/product/heera-roasted-daria-split-700g?add-to-cart=437,0,1,0%,1
https://www.ideallivs.com/product/hr-chilli-paneer-tofu-wrap-156g?add-to-cart=495,0,1,0%,1
https://www.ideallivs.com/product/ig-sona-masoori-rice-5kg-new-pack?add-to-cart=196,0,1,0%,1
https://www.ideallivs.com/product/ig-sona-masoori-rice-5kg-new-pack?add-to-cart=208,0,1,0%,1
https://www.ideallivs.com/product/jabsons-roasted-spicy-masla,0,1,0%,1
https://www.ideallivs.com/product/jalebi-namak-para?add-to-cart=663,0,1,0%,1
https://www.ideallivs.com/product/kaalar-1121-basmati-sella-rice-5-kg?add-to-cart=194,0,1,0%,1
https://www.ideallivs.com/product/kaalar-extra-long-grain-steam-rice-5kg?add-to-cart=196,0,1,0%,1
https://www.ideallivs.com/product/kaalar-super-kernal-premium-basmati-rice-5kg?add-to-cart=209,0,1,0%,1
https://www.ideallivs.com/product/ktc-mustard-oil-pure-250-ml?add-to-cart=734,0,1,0%,1
https://www.ideallivs.com/product/laziza-custard-banana-300gm,0,1,0%,1
https://www.ideallivs.com/product/malik-alsi-seeds-100g?add-to-cart=355,0,1,0%,1
https://www.ideallivs.com/product/malik-foods-chapati-20-pcs?add-to-cart=517,0,1,0%,1
https://www.ideallivs.com/product/mdh-amchur-powder?add-to-cart=103,0,1,0%,1
https://www.ideallivs.com/product/mtr-dosa-mix-500g-instant-mix?add-to-cart=112,0,1,0%,1
https://www.ideallivs.com/product/national-pav-sabzi-masala-65x2-gsm,0,1,0%,1
https://www.ideallivs.com/product/parle-platina-hide-n-seek-strawberry-112g,0,1,0%,1
https://www.ideallivs.com/product/parle-platina-hide-n-seek-vanilla-112g?add-to-cart=422,0,1,0%,1
https://www.ideallivs.com/product/pataks-tandoori-paste-312-g?add-to-cart=331,0,1,0%,1
https://www.ideallivs.com/product/priya-tender-mango-300-gm?add-to-cart=321,0,1,0%,1
https://www.ideallivs.com/product/regal-cake-rusk-almond-630g21pcs?add-to-cart=484,0,1,0%,1
https://www.ideallivs.com/product/sai-gluten-free-jeera-ajwain-cookies-200g?add-to-cart=477,0,1,0%,1
https://www.ideallivs.com/product/shan-easy-cook-haleem-mix-300g?add-to-cart=363,0,1,0%,1
https://www.ideallivs.com/product/shan-lahori-charga-masala-50g,0,1,0%,1
https://www.ideallivs.com/product/supreme-pan-parag-100g?add-to-cart=441,0,1,0%,1
https://www.ideallivs.com/product/taaza-paneer?add-to-cart=513,0,1,0%,1
https://www.ideallivs.com/product/taj-mehal-loose-tea-1-kg,0,1,0%,1
https://www.ideallivs.com/product/tang-mango?add-to-cart=647,0,1,0%,1
https://www.ideallivs.com/product/tang-orange?add-to-cart=573,0,1,0%,1
https://www.ideallivs.com/product/tang-orange?add-to-cart=648,0,1,0%,1
https://www.ideallivs.com/product/toor-daal-500-gsm,0,1,0%,1
https://www.ideallivs.com/product/trs-alu-bukhara-200g?add-to-cart=350,0,1,0%,1
https://www.ideallivs.com/product/trs-bay-leaves?add-to-cart=90,0,1,0%,1
https://www.ideallivs.com/product/trs-black-pepper-coarse-400-gsm?add-to-cart=403,0,1,0%,1
https://www.ideallivs.com/product/trs-cloves-50g?add-to-cart=107,0,1,0%,1
https://www.ideallivs.com/product/trs-fennel-seeds-100g?add-to-cart=350,0,1,0%,1
https://www.ideallivs.com/product/trs-fennel-seeds-100g?add-to-cart=385,0,1,0%,1
https://www.ideallivs.com/product/trs-ginger-paste-300g,0,1,0%,1
https://www.ideallivs.com/product/trs-ginger-powder-400gm?add-to-cart=111,0,1,0%,1
https://www.ideallivs.com/product/trs-juwar-flour-1-kg?add-to-cart=604,0,1,0%,1
https://www.ideallivs.com/product/trs-mung-dal-1kg,0,1,0%,1
https://www.ideallivs.com/product/trs-shahi-kala-jeera-50-gsm,0,1,0%,1
https://www.ideallivs.com/product/trs-urid-washed-1-kg,0,1,0%,1
https://www.ideallivs.com/product/trs-whole-red-chillies-50-g?add-to-cart=370,0,1,0%,1
https://www.ideallivs.com/product/vandevi-hing-yellow-100-gm?add-to-cart=362,0,1,0%,1
https://www.ideallivs.com/shop/garimaa-gold-long-grain-basmati-rice,0,1,0%,1
https://www.ideallivs.com/shop/malik-kewra-water-200-ml,0,1,0%,1
https://www.ideallivs.com/brand/kurkure?add-to-cart=461,0,1,0%,2
https://www.ideallivs.com/brand/qarshi,0,1,0%,2
https://www.ideallivs.com/brand/shan?add-to-cart=327,0,1,0%,2
https://www.ideallivs.com/product-category/baby-care,0,1,0%,2
https://www.ideallivs.com/product-category/frozen-snacks,0,1,0%,2
https://www.ideallivs.com/product-category/sona-masoori,0,1,0%,2