Top queries,Clicks,Impressions,CTR,Position
ideal indiska livs,7,13,53.85%,1
ideal indiska livs bandhagen,3,24,12.5%,1.33
indian grocery store near me,2,38,5.26%,5.89
india gate sona masoori rice,2,7,28.57%,11.57
ecobylife,2,4,50%,5.5
sarson ka tel,1,103,0.97%,7.04
indian grocery store stockholm,1,20,5%,12.85
indian costus powder,1,16,6.25%,8.94
lgm hing,1,15,6.67%,1.13
india gate poha,1,11,9.09%,6
pakistani grocery store near me,1,9,11.11%,3.89
mild curry paste,1,9,11.11%,46.11
indisk mataffär,1,7,14.29%,6.86
vatika black seed oil ingredients,1,6,16.67%,1
pesi goor,1,6,16.67%,1.33
indian groceries,1,6,16.67%,3
indiska kryddor stockholm,1,6,16.67%,4.83
indian grocery online sweden,1,3,33.33%,10
india gate sella basmati rice 5kg,1,2,50%,3.5
mer dryck,1,2,50%,7
haldirams naan,1,2,50%,9
dabur ghee 1kg price,1,2,50%,11
sella basmati rice india gate,1,2,50%,11
mini tandoor oven for home,1,1,100%,1
indian costus,0,261,0%,2.32
lindi pepper,0,120,0%,1.55
sarso ka tel,0,95,0%,3.19
nariyal burada,0,94,0%,1.06
mdh sabji masala,0,73,0%,1.3
mdh pav bhaji masala,0,59,0%,3.27
qust al hindi powder,0,57,0%,3.26
qust al hindi,0,48,0%,3.9
ideal,0,48,0%,11.08
mdh butter chicken masala,0,44,0%,14.98
priya mango ginger pickle,0,43,0%,4.77
indiska,0,42,0%,2.26
indian food delivery,0,39,0%,8.54
mdh biryani masala,0,38,0%,3.29
idhayam nallennai,0,35,0%,3.11
butter chicken price india 2025,0,31,0%,16.71
vatika black seed hair oil,0,30,0%,11.67
parachute tel,0,29,0%,1.41
indian costus root,0,28,0%,10.86
vatika coconut oil,0,28,0%,56.75
aloo tikki frozen,0,27,0%,9.96
soya chunks price pakistan 2026,0,27,0%,11.15
butter chicken masala mdh,0,27,0%,19.7
pan parag 100g price in india,0,26,0%,9.19
guard rice,0,26,0%,19.27
deggi mirch chilli powder,0,26,0%,25.77
patak's korma paste,0,25,0%,7.44
shezan mango juice,0,25,0%,46.72
indian store near me,0,23,0%,6.17
indian costus root where to buy,0,23,0%,8.43
tapal danedar tea,0,22,0%,4.5
pan parag price 1kg,0,22,0%,8.55
pan parag price,0,21,0%,3.19
costus indian powder,0,20,0%,3.75
india gate jeerakasala rice,0,20,0%,10.05
deggi mirch,0,20,0%,26.2
pataks korma paste,0,20,0%,54
kadi patta,0,19,0%,7.89
powerking energy drink,0,19,0%,8.42
fruiti,0,19,0%,10.32
jannat rice,0,18,0%,5.67
malik foods,0,18,0%,7.28
johnson's baby powder clean classic scent,0,18,0%,22.11
nocco limon,0,18,0%,40.44
rooh afza,0,18,0%,64
sarson tel,0,17,0%,3.29
indian incense costus,0,17,0%,7.76
power king energy drink,0,17,0%,11.18
saragvo,0,16,0%,2.62
kaalar,0,16,0%,6.44
costus root powder,0,16,0%,7
pillsbury chakki atta 10kg,0,16,0%,7.69
pan parag price in pakistan,0,16,0%,8
indian costus in hindi,0,15,0%,2.4
indiska stockholm,0,15,0%,3.4
costus root in arabic,0,15,0%,9
indisk butik stockholm,0,15,0%,10
national chana masala,0,15,0%,10.07
anmol sweets,0,15,0%,10.27
chapati flour 25kg,0,15,0%,10.4
basmati tukda rice 10kg price,0,15,0%,12.87
pataks tikka masala paste,0,15,0%,53.53
chinigura rice in india,0,14,0%,1
dariya dal,0,14,0%,1.57
national nihari masala,0,14,0%,2
qust powder,0,14,0%,3.07
qust al hindi benefits,0,14,0%,5.57
power livs,0,14,0%,7.29
what is sarson ka tel,0,14,0%,8.79
pakistansk mango,0,13,0%,3.08
indisk livsmedelsbutik stockholm,0,13,0%,3.85
pan parag price in india,0,13,0%,5.38
mdh hyderabadi biryani masala,0,13,0%,12.08
vatika black seed oil,0,13,0%,15.38
trs gram flour,0,13,0%,18.92
tapal danedar tea bags,0,13,0%,38.92
bournvita ingredients,0,12,0%,1
costus root svenska,0,12,0%,1
mdh pav bhaji masala ingredients,0,12,0%,1.08
indisk affär stockholm,0,12,0%,5.83
rajma raseela,0,12,0%,7.33
zingo drink,0,12,0%,9.33
shan biryani masala,0,12,0%,10.33
idhayam gingelly oil,0,12,0%,41.17
bournvita,0,12,0%,47.75
vatika coconut hair oil,0,12,0%,59.75
jaumn,0,11,0%,1
parle platina hide and seek,0,11,0%,1
roasted sooji means,0,11,0%,1
shan haleem mix with lentils,0,11,0%,1
indisk matbutik stockholm,0,11,0%,3.91
tapal danedar,0,11,0%,5
haldiram chana jor garam,0,11,0%,5.36
pan parag,0,11,0%,5.55
indian qust root,0,11,0%,6.18
loka naturell,0,11,0%,6.36
dabur vatika naturals soap bar,0,11,0%,6.73
national haleem mix,0,11,0%,9.18
sai gluten free atta,0,11,0%,9.64
shezan drink,0,11,0%,15.55
bournvita chocolate,0,11,0%,18.36
deggi mirch powder,0,11,0%,41.18
idhayam sesame oil,0,11,0%,62.64
aloo bukhara in biryani,0,10,0%,1
dhokla ready mix,0,10,0%,1
pav bhaji masala mdh,0,10,0%,1
danedar chai,0,10,0%,1.9
cocktail samosa haldiram,0,10,0%,2.7
nallennai oil,0,10,0%,4
t plus masala,0,10,0%,4.2
mango ginger pickle priya,0,10,0%,5.5
indisk affär,0,10,0%,6.4
neha rachni mehandi,0,10,0%,8
sona masoori rice,0,10,0%,8.1
haldiram peanut gajak,0,10,0%,8.8
vatika oven,0,10,0%,10.3
zero sugar drinks with no taste compromise,0,10,0%,14.1
vatika coconut hair oil ingredients,0,10,0%,16.2
svart henna,0,10,0%,33.7
mdh pani puri masala,0,10,0%,42.6
hamdard rooh afza,0,10,0%,46.3
nestle,0,10,0%,60
mdh kitchen king masala,0,10,0%,66.1
johnson & johnson produkter sverige,0,10,0%,72.3
fortune kachi ghani tel,0,9,0%,1
pakistan mango,0,9,0%,1
rice guard,0,9,0%,1.78
kadi patta packet,0,9,0%,2.22
tapal chai,0,9,0%,2.22
sai atta gluten free,0,9,0%,2.67
oven for roti,0,9,0%,3.67
पैराशूट नारियल तेल 500ml price,0,9,0%,10.56
indiska livsmedel,0,9,0%,11.44
sprite zero healthiest zero calorie soft drink options,0,9,0%,12.33
dark stain mehndi cone,0,9,0%,12.56
national brand spices,0,9,0%,26.11
henna svart,0,9,0%,50.11
basmasti,0,9,0%,54.89
indian costus root coffee,0,8,0%,1
tang orange powder,0,8,0%,2.25
himalaya basmati rice,0,8,0%,2.38
national sindhi biryani masala,0,8,0%,2.38
chana jor garam haldiram,0,8,0%,2.88
costus pulver,0,8,0%,3
jannat gold rice price,0,8,0%,3.12
fresh amla,0,8,0%,4.25
paneer in swedish,0,8,0%,4.75
ultimate basmati rice,0,8,0%,6.38
grated copra,0,8,0%,7.62
mtr rasam powder,0,8,0%,8.12
costus indien,0,8,0%,11.12
indiska matvaror,0,8,0%,16.12
jeerakasala rice,0,8,0%,27.62
black seed oil vatika,0,8,0%,30.88
monster energy mango loco,0,8,0%,34.25
svart henna hårfärg,0,8,0%,36.38
johnson & johnson produkter,0,8,0%,47.12
elephant atta 25kg,0,8,0%,52
patak's korma,0,8,0%,54.38
elephant atta medium 25kg,0,8,0%,55.12
pillsbury atta 10kg,0,8,0%,56
thin poha,0,8,0%,59.5
danedar,0,7,0%,1
haldiram mini samosa how many pieces,0,7,0%,1
hyderabadi biryani powder,0,7,0%,1
kaju dhoda burfi,0,7,0%,1
pan parag pan masala,0,7,0%,1
haldiram rasgulla 1kg price,0,7,0%,2
deepak maida,0,7,0%,2.14
aloo bukhara for biryani,0,7,0%,2.29
indian costus hindi name,0,7,0%,2.29
vatika black seed hair oil benefits,0,7,0%,2.71
burger tikki frozen,0,7,0%,3
jannat rice 30kg price,0,7,0%,3
national masala,0,7,0%,3.71
dabur organic ghee,0,7,0%,4.86
ispaghol,0,7,0%,4.86
shan sawaiyan,0,7,0%,5.71
skalade,0,7,0%,6
heera masala,0,7,0%,6.43
shan lahori fish masala,0,7,0%,6.43
haldiram tandoori garlic naan,0,7,0%,7.14
metromilan,0,7,0%,7.43
sarson ka oil,0,7,0%,7.86
xxl basmati rice 5kg,0,7,0%,8.14
butter chicken masala powder,0,7,0%,9
garima basmati rice,0,7,0%,9.57
indian costos,0,7,0%,10
costus root in hindi,0,7,0%,10.29
parle platina,0,7,0%,10.57
guard ultimate basmati rice,0,7,0%,10.86
enriched hair oil,0,7,0%,12
haldiram cocktail samosa,0,7,0%,13.29
mdh kashmiri mirch,0,7,0%,24.29
ktc castor oil,0,7,0%,24.43
what is deggi mirch,0,7,0%,37.57
henna hårfärg svart,0,7,0%,38.29
national spices,0,7,0%,38.71
fortune atta,0,7,0%,41.71
mdh curry masala for chicken,0,7,0%,64
idli batter online,0,7,0%,71.57
maggi tamarind sauce,0,7,0%,87.71
chicken curry masala mdh,0,7,0%,96.43
aaaaa rice,0,6,0%,1
coconut ka burada,0,6,0%,1
dried fenugreek leaves,0,6,0%,1
fine suji,0,6,0%,1
javentri,0,6,0%,1
pan parag mouth freshener,0,6,0%,1
rice pudding mix,0,6,0%,1
what is lindi pepper,0,6,0%,1
lahori masala,0,6,0%,1.83
ultimate rice,0,6,0%,1.83
indiska butiker stockholm,0,6,0%,2.17
ground powder in hindi,0,6,0%,2.33
mughal paratha,0,6,0%,2.67
jannat basmati rice,0,6,0%,3.67
1 kg idli rava price,0,6,0%,4
eco by life henna,0,6,0%,4.67
tindoora,0,6,0%,4.67
white onion svenska,0,6,0%,5
malik food,0,6,0%,5.33
zingo apelsin,0,6,0%,5.33
indisk livsmedelsbutik,0,6,0%,5.5
indian groceries near me,0,6,0%,6.5
al baker atta,0,6,0%,7.17
sai atta,0,6,0%,7.17
ahmed kheer mix,0,6,0%,7.33
falak rice,0,6,0%,7.33
parachute nariyal tel,0,6,0%,7.33
mtr khaman dhokla mix,0,6,0%,7.67
glycemic index of india gate basmati rice,0,6,0%,8
lachha paratha frozen,0,6,0%,8
pan parag small pack price,0,6,0%,9
supreme pan masala,0,6,0%,9.17
india gate idli rava,0,6,0%,9.33
glycemic index of india gate brown basmati rice,0,6,0%,9.67
kurkure,0,6,0%,10.17
haldiram besan ladoo,0,6,0%,10.33
sugar-free coca-cola home taste experience,0,6,0%,11
haldiram frozen samosa,0,6,0%,11.17
curry leaves,0,6,0%,12.67
deepak brand latest,0,6,0%,16
haldiram samosa,0,6,0%,27
haldiram aloo tikki,0,6,0%,32.5
tang mango,0,6,0%,39
tata tea premium,0,6,0%,39.17
cocktail samosa,0,6,0%,42.33
patak tikka paste,0,6,0%,51.33
elephant atta wholemeal 25kg,0,6,0%,56.33
ambar incense sticks,0,6,0%,76.17
chana jor garam in english,0,6,0%,82.33
bombay wala,0,5,0%,1
costus in arabic,0,5,0%,1
danedar tea,0,5,0%,1
dried plum for biryani,0,5,0%,1
dried plums for biryani,0,5,0%,1
fine rava means,0,5,0%,1
haldiram aloo paratha price,0,5,0%,1
haldiram punjabi samosa ingredients,0,5,0%,1
jalebi namak,0,5,0%,1
kaju dhoda barfi,0,5,0%,1
loka drink,0,5,0%,1
mdh biryani masala ingredients,0,5,0%,1
mdh chana masala ingredients,0,5,0%,1
punjabi wadi,0,5,0%,1
ragi flour,0,5,0%,1
tata crystal salt benefits,0,5,0%,1
types of edible gum,0,5,0%,1
dettol twin pack,0,5,0%,1.2
mdh nihari masala,0,5,0%,1.4
haldiram samosa 1kg price,0,5,0%,2
indian costus in hindi name,0,5,0%,2.4
desi sai,0,5,0%,2.6
jannat rice price,0,5,0%,2.6
moon incense,0,5,0%,2.6
national delhi nihari,0,5,0%,2.6
costus hindi powder,0,5,0%,2.8
grom flour,0,5,0%,3.2
frozen phulka roti,0,5,0%,3.6
mer paron,0,5,0%,3.6
patak's korma paste ingredients,0,5,0%,3.6
pakistani store near me,0,5,0%,4
patak's korma curry paste,0,5,0%,4
shan lahori fish 100g,0,5,0%,4
amla fresh,0,5,0%,4.4
vatika black seed oil benefits,0,5,0%,4.4
roti maker oven,0,5,0%,5.4
india gate basmati rice glycemic index,0,5,0%,5.8
qust al hindi plant,0,5,0%,5.8
valnotter,0,5,0%,5.8
saussurea costus powder,0,5,0%,7
taaza paneer,0,5,0%,8
vatika black seed,0,5,0%,8.2
nallennai,0,5,0%,8.4
deepak brand,0,5,0%,9
kaalar basmati rice,0,5,0%,9
ocean pearl rice,0,5,0%,9.6
khanum ghee,0,5,0%,10.2
vatika coconut hair oil benefits,0,5,0%,10.2
india gate brown rice 5kg,0,5,0%,10.8
jeerakasala rice 5kg,0,5,0%,11
red henna cone,0,5,0%,11.2
1 kg idli rava how many idlis,0,5,0%,11.8
mahana price,0,5,0%,12.4
national foods rice range products single pack,0,5,0%,15
dark stain henna paste,0,5,0%,15.2
#tapaldanedar latest,0,5,0%,18.6
punjabi samosa frozen,0,5,0%,27.8
vatika oil black seed,0,5,0%,29
classic basmati rice,0,5,0%,32.4
sarson ka tel in english,0,5,0%,35.2
maggi,0,5,0%,41.2
jasmine agarbatti,0,5,0%,43.6
fortune products,0,5,0%,44.6
sarso oil kachi ghani,0,5,0%,62.8
chicken masala mdh,0,5,0%,66.6
mdh chicken masala,0,5,0%,69
nestle produkter,0,5,0%,94.6
trs ingredients,0,5,0%,94.6
pataks mango pickles,0,5,0%,96.6
pataks tikka marinade,0,5,0%,97.8
a tata product,0,5,0%,99
aromatic chinigura rice,0,4,0%,1
fortune rai tel,0,4,0%,1
guard sella rice,0,4,0%,1
haldiram chana chor,0,4,0%,1
haldiram cocktail samosa ingredients,0,4,0%,1
haldiram gajjak,0,4,0%,1
how to eat rajnigandha,0,4,0%,1
indiska butiker,0,4,0%,1
jeerakasala rice english name,0,4,0%,1
lendi pepper,0,4,0%,1
lindi paper,0,4,0%,1
manpasand mukhwas,0,4,0%,1
mtr rasam powder ingredients,0,4,0%,1
pakistan black tea,0,4,0%,1
rachni mehandi powder,0,4,0%,1
rooh afza flavour,0,4,0%,1
trs masala,0,4,0%,1
what is jethimadh,0,4,0%,1
frozen laccha paratha,0,4,0%,1.25
drumstick vegetable,0,4,0%,1.75
mdh butter,0,4,0%,1.75
shezan mango drink,0,4,0%,1.75
bikano besan barfi,0,4,0%,2
indian costus in malay,0,4,0%,2
what is indian costus,0,4,0%,2
digi mirch,0,4,0%,2.25
national chicken biryani masala,0,4,0%,2.5
does mdh chana masala contain onion and garlic,0,4,0%,2.75
hot lal,0,4,0%,3
tapal loose tea,0,4,0%,3
zingo sweden,0,4,0%,3
amoy soya sauce,0,4,0%,3.25
fanta exotic zero,0,4,0%,3.5
nature life mehandi powder,0,4,0%,3.5
jasmin ris,0,4,0%,3.75
paneer in sweden,0,4,0%,4.25
pan parag meaning,0,4,0%,4.75
sabji masala mdh,0,4,0%,4.75
apelsin drink,0,4,0%,5.25
qust al-hindi,0,4,0%,6
red label natural care 1 kg,0,4,0%,6
upma rava 1 kg,0,4,0%,6
national kasuri methi,0,4,0%,6.25
indian costus root powder,0,4,0%,6.5
haldiram chakoli,0,4,0%,6.75
hr masala,0,4,0%,6.75
bikano soan papdi,0,4,0%,7.25
bombaywala,0,4,0%,7.75
heera spices,0,4,0%,7.75
indian supermarket,0,4,0%,7.75
jabsons cocktail nuts,0,4,0%,7.75
lg hing ingredients,0,4,0%,7.75
red chilli,0,4,0%,7.75
ig rice,0,4,0%,8.75
gingelly oil tamil,0,4,0%,9
indian shop,0,4,0%,9.5
ultimate guard rice,0,4,0%,9.5
retur indiska,0,4,0%,9.75
sprite zero sugar soda,0,4,0%,10
dabur anti dandruff hair oil,0,4,0%,10.25
haldiram samosa frozen,0,4,0%,10.25
haldiram punjabi samosa 20 pieces,0,4,0%,10.5
electric tandoor roti maker,0,4,0%,10.75
tandoor forno,0,4,0%,10.75
al baker chakki atta,0,4,0%,11
bombay rava,0,4,0%,11
national tandoori masala,0,4,0%,11
tapal danedar 1 kg price,0,4,0%,11
elephant atta 25kg offers,0,4,0%,12.25
national garlic pickle,0,4,0%,12.25
red mehndi cone,0,4,0%,12.5
indian grocery,0,4,0%,12.75
india gate brown basmati rice,0,4,0%,13
haldiram punjabi samosa,0,4,0%,14
vatika hair oil black seed,0,4,0%,14.25
fortune wheat flour,0,4,0%,16.5
indian store,0,4,0%,16.75
black henna cone,0,4,0%,17.75
kurkres twitter or x.com,0,4,0%,18.5
bajra flour,0,4,0%,19.75
rooh afza rose syrup,0,4,0%,24.75
haldiram,0,4,0%,25.25
red henna for hands,0,4,0%,28
jeerakasala,0,4,0%,28.5
india gate classic,0,4,0%,30
pillsbury chakki atta flour,0,4,0%,31
shezan juice,0,4,0%,31.5
kachi ghani mustard oil 1 litre price,0,4,0%,32
pataks mild curry paste,0,4,0%,32
india gate classic basmati rice 5kg price,0,4,0%,32.75
mtr foods,0,4,0%,32.75
dabur amla hair oil,0,4,0%,35
khanum butter ghee,0,4,0%,39
roasted rava,0,4,0%,42
monster mango,0,4,0%,42.75
mtr gulab jamun mix,0,4,0%,54.75
gold basmati rice,0,4,0%,56.25
oil sarson,0,4,0%,56.5
khanum pure butter ghee,0,4,0%,58.5
india gate classic basmati rice,0,4,0%,59
pillsbury chakki atta,0,4,0%,61
mdh kitchen king,0,4,0%,62
idhayam oil rate,0,4,0%,64.75
pataks curry paste,0,4,0%,68.5
kitchen king masala mdh,0,4,0%,75
india gate basmati classic,0,4,0%,81.25
arandi ka tel,0,3,0%,1
coarse rava,0,3,0%,1
curry leaves packet,0,3,0%,1
curry patta packet,0,3,0%,1
deggi mirch for colour,0,3,0%,1
degi red chilli powder,0,3,0%,1
drumsticks vegetable,0,3,0%,1
fortune kachi ghani,0,3,0%,1
fortune sarson tel,0,3,0%,1
heera garam masala,0,3,0%,1
how to use vatika coconut hair oil,0,3,0%,1
idhayam nallannai,0,3,0%,1
idntq.shop,0,3,0%,1
indian costus in arabic,0,3,0%,1
is vatika coconut oil good for hair,0,3,0%,1
jasminris,0,3,0%,1
lentil poppadoms,0,3,0%,1
lindi pepper uses,0,3,0%,1
mdh curry masala for butter chicken,0,3,0%,1
mdh ビリヤニ マサラ 使い方,0,3,0%,1
national haleem mix ingredients,0,3,0%,1
pakistani mango,0,3,0%,1
rachni mehandi,0,3,0%,1
ready to eat dhokla,0,3,0%,1
roasted sooji,0,3,0%,1
rooh hafsa,0,3,0%,1
samosa haldiram price,0,3,0%,1
sarsu ka tel,0,3,0%,1
suji fine,0,3,0%,1
taza paneer,0,3,0%,1
tyj spring roll pastry sizes,0,3,0%,1
which is the darkest mehndi cone,0,3,0%,1
jasmine ris,0,3,0%,1.33
1 l fortune tel,0,3,0%,2
indisk butik,0,3,0%,2
tandoori garlic naan haldiram,0,3,0%,2
haldiram onion paratha,0,3,0%,2.67
d-va henna,0,3,0%,3
haldiram garlic naan family pack,0,3,0%,3
parasite nariyal tel,0,3,0%,3
punjabi gur,0,3,0%,3
regal rusks,0,3,0%,3
guard ultimate basmati rice 1kg,0,3,0%,3.67
indisk kostus,0,3,0%,4
#gurka,0,3,0%,4.33
haldiram phulka roti review,0,3,0%,4.67
indian custos,0,3,0%,4.67
ris jasmin,0,3,0%,4.67
gurka,0,3,0%,5
indian grocery store,0,3,0%,5
indisk mataffär stockholm,0,3,0%,5
national delhi nihari masala,0,3,0%,5
powerking energy,0,3,0%,5
idhayam nalla ennai,0,3,0%,5.33
is vatika black seed oil good for hair,0,3,0%,5.33
metro agarbatti,0,3,0%,5.33
haldiram plain paratha,0,3,0%,5.67
indian grocery near me,0,3,0%,5.67
khanum,0,3,0%,5.67
mer päron,0,3,0%,5.67
al baker chakki atta 10kg,0,3,0%,6
dabur amla hair oil 200ml price,0,3,0%,6
haldiram mini samosa frozen,0,3,0%,6
india gate jeerakasala rice 5kg,0,3,0%,6
indisk costus,0,3,0%,6
mdh t plus masala tea recipe,0,3,0%,6
xxl 1121 basmati rice,0,3,0%,6.33
hindi powder,0,3,0%,6.67
india gate sona masoori rice 5kg,0,3,0%,6.67
pan parag pakistan,0,3,0%,6.67
roasted semolina,0,3,0%,7
unroasted rava,0,3,0%,7.33
hello jeera,0,3,0%,7.67
khanum ghee 1kg,0,3,0%,7.67
natural care tea 1kg,0,3,0%,7.67
pan parag packet price,0,3,0%,7.67
phulka price,0,3,0%,7.67
garlic naan frozen,0,3,0%,8
indian store stockholm,0,3,0%,8
malik's foods,0,3,0%,8
pakistani black tea,0,3,0%,8
haldiram batata vada,0,3,0%,8.33
lahori fish masala,0,3,0%,8.33
prasut nariyal tel,0,3,0%,8.33
haldiram veg shami kebab,0,3,0%,8.67
indiska myntet,0,3,0%,8.67
malik masala,0,3,0%,8.67
baker atta,0,3,0%,9
jannat gold rice,0,3,0%,9
javentry,0,3,0%,9
amoy soy sauce,0,3,0%,9.33
nido full cream milk powder,0,3,0%,9.33
kaalar rice,0,3,0%,9.67
zingo zero,0,3,0%,9.67
khanum butter ghee 1kg,0,3,0%,10.33
shezan juice price in pakistan,0,3,0%,11
tandoor oven roti maker,0,3,0%,11
vatika black seed hair oil ingredients,0,3,0%,11
zingo drink sweden,0,3,0%,11
asafoetida vandevi,0,3,0%,11.33
cerelac sverige,0,3,0%,11.33
flute incense sticks,0,3,0%,11.33
electric tandoor for roti,0,3,0%,11.67
eater proportion for chinigura chal,0,3,0%,12
indian costus plant,0,3,0%,12
kachi ghani sarso ka tel,0,3,0%,12
mdh garam masala,0,3,0%,12
red henna for skin,0,3,0%,12.33
roasted suji,0,3,0%,12.67
red henna cones,0,3,0%,13
electric tandoor,0,3,0%,13.33
power king,0,3,0%,13.33
tapal danedar latest,0,3,0%,13.33
frozen aloo tikki,0,3,0%,13.67
fruiti-o,0,3,0%,13.67
frozen aloo paratha,0,3,0%,14
power energy drink,0,3,0%,14
black seed oil hemani,0,3,0%,14.33
india gate basmati rice,0,3,0%,14.33
mtr dosa latest,0,3,0%,16
indian costus benefits,0,3,0%,16.67
heera kali latest,0,3,0%,17
dark mehndi cones,0,3,0%,17.33
tea masala mdh,0,3,0%,17.33
india long grain rice,0,3,0%,18
dark stain mehendi,0,3,0%,18.33
flute incense,0,3,0%,19.67
mdh chai masala,0,3,0%,20.33
chilli chatak lachha,0,3,0%,21.67
shan roasted vermicelli,0,3,0%,22
haldiram cocktail samosa 70 pack,0,3,0%,23
edible gum,0,3,0%,23.33
haldiram phulka roti,0,3,0%,26
ktc coconut oil,0,3,0%,28
nestle products,0,3,0%,35.67
costus root,0,3,0%,37.67
mdh chana masala,0,3,0%,37.67
national pakora masala,0,3,0%,39
sarso ka tel in english,0,3,0%,39
sarson ka oil in english,0,3,0%,39
johar joshanda,0,3,0%,40.33
rooh afza ingredients,0,3,0%,43.67
butter ghee khanum,0,3,0%,49.33
monster mango loco,0,3,0%,50.67
patak korma,0,3,0%,51.67
haldirams,0,3,0%,53.33
gram chickpea flour,0,3,0%,55
cuminen,0,3,0%,58.67
hamdard brand,0,3,0%,59.33
kitchen king mdh,0,3,0%,61.33
chunks vegetarian,0,3,0%,63.33
tandoor roti machine,0,3,0%,64
hibiscus hair oil,0,3,0%,72.67
khanum butter,0,3,0%,74
fruitix,0,3,0%,78.67
orientalisk butik stockholm,0,3,0%,84.67
kasuri methi in english,0,3,0%,94.33
330 ml drink,0,2,0%,1
bambaiwala sweets,0,2,0%,1
coconut burada,0,2,0%,1
costus powder benefits,0,2,0%,1
costus root benefits,0,2,0%,1
costus root spiritual benefits,0,2,0%,1
curryblad köpa,0,2,0%,1
dabur amla jasmine,0,2,0%,1
dabur cow ghee,0,2,0%,1
does nachni have gluten,0,2,0%,1
dried coconut kernels called,0,2,0%,1
dried plums in biryani,0,2,0%,1
dry aloo bukhara for biryani,0,2,0%,1
edible gum types,0,2,0%,1
fine rava,0,2,0%,1
fine sooji means,0,2,0%,1
fortune tel sarson,0,2,0%,1
fresh brinjal,0,2,0%,1
frozen aloo tikki for burger,0,2,0%,1
gingelly oil in tamil,0,2,0%,1
gingerly oil in tamil,0,2,0%,1
haldiram chakli,0,2,0%,1
haldiram patties,0,2,0%,1
haldiram samosa price,0,2,0%,1
haldiram soan papdi 250g price,0,2,0%,1
heera besan,0,2,0%,1
hyderabadi dum biryani masala,0,2,0%,1
idisk,0,2,0%,1
indian costus in english,0,2,0%,1
indian costus in tamil,0,2,0%,1
indian costus powder benefits,0,2,0%,1
indiska butiker i sverige,0,2,0%,1
ingredients of bournvita,0,2,0%,1
jeera kasala rice,0,2,0%,1
johar joshanda in india,0,2,0%,1
joshanda chai,0,2,0%,1
kachi dhani sarson tel,0,2,0%,1
kala tal,0,2,0%,1
kurkure near me,0,2,0%,1
kuttu,0,2,0%,1
lg asafoetida ingredients,0,2,0%,1
lindi peper,0,2,0%,1
longest basmati rice,0,2,0%,1
mango loco monster flavor,0,2,0%,1
mdh butter chicken,0,2,0%,1
mdh pav bhaji,0,2,0%,1
mdh rasam powder,0,2,0%,1
moti suji for upma,0,2,0%,1
mtr dhokla mix ingredients,0,2,0%,1
nariyal ka burada,0,2,0%,1
national beef biryani masala,0,2,0%,1
neha cone,0,2,0%,1
plum for biryani,0,2,0%,1
poha thin,0,2,0%,1
red henna paste,0,2,0%,1
roasted suji rava,0,2,0%,1
sarson tel fortune,0,2,0%,1
sarsonka thel,0,2,0%,1
shahi kala,0,2,0%,1
sorse tel,0,2,0%,1
sugarless coca cola,0,2,0%,1
t-plus masala,0,2,0%,1
unsalted chana,0,2,0%,1
upma rava brands,0,2,0%,1
upma rava in germany,0,2,0%,1
vatika black seed hair oil review,0,2,0%,1
what is pan parag,0,2,0%,1
what is punjabi wadi,0,2,0%,1
zingo orange,0,2,0%,1
القسط الهندي,0,2,0%,1
पान पराग,0,2,0%,1
aloo tikki burger patty frozen,0,2,0%,1.5
bandhagen livs,0,2,0%,1.5
burada,0,2,0%,1.5
parasut tel,0,2,0%,1.5
trs tandoori masala,0,2,0%,1.5
alibaba haldi powder,0,2,0%,2
baker chakki atta,0,2,0%,2
bandhagen centrum butiker,0,2,0%,2
dalia near me,0,2,0%,2
haldiram family pack,0,2,0%,2
haldiram naan,0,2,0%,2
haldiram products,0,2,0%,2
haldiram rajbhog 1 kg pieces,0,2,0%,2
indiska retur,0,2,0%,2
jeerakasala rice in english,0,2,0%,2
lachha paratha haldiram,0,2,0%,2
monster energy 500 ml caffeine content,0,2,0%,2
naan packet price,0,2,0%,2
national qeema masala,0,2,0%,2
aloo paratha frozen,0,2,0%,2.5
bikano soan papdi price,0,2,0%,2.5
haldiram cocktail samosa instructions,0,2,0%,2.5
haldiram phulka roti price,0,2,0%,2.5
indisk restaurang,0,2,0%,2.5
pakistans mango,0,2,0%,2.5
ready made dhokla,0,2,0%,2.5
tea natural care,0,2,0%,2.5
aloo tikki patty frozen,0,2,0%,3
danedar meaning,0,2,0%,3
frozen garlic naan,0,2,0%,3
garimaa,0,2,0%,3
gur in punjabi,0,2,0%,3
haldirams cocktail samosas,0,2,0%,3
maggi masala sauce,0,2,0%,3
mango juice pakistani,0,2,0%,3
pataks korma curry paste,0,2,0%,3
haldiram chana jor garam 1kg price,0,2,0%,3.5
india gate exotic basmati rice,0,2,0%,3.5
indian stores near me,0,2,0%,3.5
laziza products,0,2,0%,3.5
mat butik,0,2,0%,3.5
national tikka boti masala,0,2,0%,3.5
pakistan mango juice,0,2,0%,3.5
sprite zero calorie soft drink options,0,2,0%,3.5
aloo patty frozen,0,2,0%,4
coffee retail bags,0,2,0%,4
indisk,0,2,0%,4
jannat brand,0,2,0%,4
nariyal ka bura,0,2,0%,4
national corn flour,0,2,0%,4
pillsbury atta 5kg,0,2,0%,4
bajri atta,0,2,0%,4.5
costus hindi,0,2,0%,4.5
crown shami kebab,0,2,0%,4.5
haldiram frozen aloo tikki,0,2,0%,4.5
india gate brown basmati rice 5kg,0,2,0%,4.5
neha rachni mehandi for hair,0,2,0%,4.5
paan parak,0,2,0%,4.5
phulka roti haldiram,0,2,0%,4.5
sprite zero best soda for grilling,0,2,0%,4.5
annam sona masoori rice,0,2,0%,5
cashewnotter,0,2,0%,5
indiaka,0,2,0%,5
jeerakasala vs jeera samba rice,0,2,0%,5
mdh tea masala price,0,2,0%,5
costus in hindi,0,2,0%,5.5
pan parag pan masala ingredients,0,2,0%,5.5
tang orange 750g,0,2,0%,5.5
trs ground cumin,0,2,0%,5.5
مسحوق القسط الهندي,0,2,0%,5.5
250 tel,0,2,0%,6
dane dar,0,2,0%,6
deepak spices,0,2,0%,6
indian grocery stockholm,0,2,0%,6
lahori kulcha,0,2,0%,6
parle platina logo,0,2,0%,6
vegetable delivery,0,2,0%,6
1 kg idli rava how many pieces,0,2,0%,6.5
all baker,0,2,0%,6.5
anjappar sona masoori rice,0,2,0%,6.5
fruiti o juice,0,2,0%,6.5
kuttu flour,0,2,0%,6.5
neha mehendi powder,0,2,0%,6.5
pan parag ingredients,0,2,0%,6.5
rooh afza meaning,0,2,0%,6.5
frozen samosa haldiram,0,2,0%,7
hemani products,0,2,0%,7
indisk mataffär göteborg,0,2,0%,7
loka swedish drink,0,2,0%,7
order indian groceries online,0,2,0%,7
pataks korma,0,2,0%,7
qust hindi powder,0,2,0%,7
allishan vermicelli,0,2,0%,7.5
fresh kadi patta,0,2,0%,7.5
frozen burger tikki,0,2,0%,7.5
indisk matbutik,0,2,0%,7.5
mdh masala chai,0,2,0%,7.5
natco brand,0,2,0%,7.5
national spice mix,0,2,0%,7.5
nido instant full cream milk powder,0,2,0%,7.5
sarso ka oil,0,2,0%,7.5
tilda 10kg,0,2,0%,7.5
trs salt,0,2,0%,7.5
zingo getränk,0,2,0%,7.5
al baker chakki fresh atta,0,2,0%,8
al baker flour,0,2,0%,8
bajra atta,0,2,0%,8
chana chur,0,2,0%,8
electric tandoor roti,0,2,0%,8
haldiram naan frozen,0,2,0%,8
how to use vatika hair oil,0,2,0%,8
king power energy drink,0,2,0%,8
mango juice pakistan,0,2,0%,8
shami kebab frozen,0,2,0%,8
fab biscuit vanilla,0,2,0%,8.5
indian pan parag,0,2,0%,8.5
jannat brand online,0,2,0%,8.5
lawsonia inermis leaf powder,0,2,0%,8.5
sarson oil,0,2,0%,8.5
trs gram flour 1kg,0,2,0%,8.5
electric tandoor oven,0,2,0%,9
kaalar basmati,0,2,0%,9
nariyal tel parachute,0,2,0%,9
pan parag supreme,0,2,0%,9
shan easy cook haleem mix 300g,0,2,0%,9
swarna,0,2,0%,9
aqu water,0,2,0%,9.5
frozen lachha paratha,0,2,0%,9.5
korma pataks paste,0,2,0%,9.5
ktc almond oil,0,2,0%,9.5
ktc pure almond oil,0,2,0%,9.5
national masala of india,0,2,0%,9.5
no 1 salt in india,0,2,0%,9.5
pakistani tea brands,0,2,0%,9.5
pesi gur,0,2,0%,9.5
sai gluten free,0,2,0%,9.5
san citro nocco,0,2,0%,9.5
sprite (drink),0,2,0%,9.5
swarna flour,0,2,0%,9.5
tjy,0,2,0%,9.5
bikano snacks,0,2,0%,10
fruiti juice,0,2,0%,10
guard rice price,0,2,0%,10
jeerakasala rice other name,0,2,0%,10
kissan,0,2,0%,10
kusta powder,0,2,0%,10
patak's korma paste how to use,0,2,0%,10
roti,0,2,0%,10
sai multigrain atta,0,2,0%,10
can i leave vatika hair oil overnight,0,2,0%,10.5
dettol liquid,0,2,0%,10.5
indian qust,0,2,0%,10.5
livs stockholm,0,2,0%,10.5
malik naan shop,0,2,0%,10.5
tapal danedar loose tea,0,2,0%,10.5
vitlök,0,2,0%,10.5
apelsin swedish,0,2,0%,11
baby food nestle cerelac,0,2,0%,11
bharat livs jarfalla,0,2,0%,11
bharat livs södertälje,0,2,0%,11
bournvita ki price,0,2,0%,11
dark henna cones,0,2,0%,11
ekobutiken livs,0,2,0%,11
nocco san citro,0,2,0%,11
pakistani mango juice,0,2,0%,11
pearl rice 5kg,0,2,0%,11
shaan biryani,0,2,0%,11
shezan mango juice price in pakistan,0,2,0%,11
amla hair oil for dandruff,0,2,0%,11.5
chinese salt,0,2,0%,11.5
horlicks sweden,0,2,0%,11.5
india gate classic premium basmati rice,0,2,0%,11.5
mdh red chilli powder,0,2,0%,11.5
monster energy can,0,2,0%,11.5
nallennai oil 1 litre price,0,2,0%,11.5
shan masala,0,2,0%,11.5
aloo paratha ready to eat,0,2,0%,12
bournvita new flavour,0,2,0%,12
jethimadh stick in hindi,0,2,0%,12
mughal,0,2,0%,12
priya ginger garlic paste 300g,0,2,0%,12
grocery delivery stockholm,0,2,0%,12.5
haldirams frozen samosa,0,2,0%,12.5
red label natural care,0,2,0%,12.5
chapati flour,0,2,0%,13
woodland agarbatti,0,2,0%,13
zingo logo,0,2,0%,13
coconut tel,0,2,0%,13.5
henna instant,0,2,0%,13.5
laccha paratha frozen,0,2,0%,13.5
mtr khaman dhokla ready mix,0,2,0%,13.5
national chicken tikka,0,2,0%,13.5
johnson's baby lotion 300ml,0,2,0%,14
lawsonia inermis powder,0,2,0%,14
sprite lemon lime,0,2,0%,15
crown kebab,0,2,0%,15.5
tang orange drink powder,0,2,0%,15.5
mdh t plus masala,0,2,0%,16.5
bikano soan papdi 500gm price,0,2,0%,17
#goond,0,2,0%,17.5
mdh dal makhani masala,0,2,0%,17.5
red stain henna,0,2,0%,17.5
kitchen spice dark mehndi natural stain,0,2,0%,18
maida flour in swedish,0,2,0%,18
dabur ghee,0,2,0%,18.5
india gate seeraga samba rice,0,2,0%,18.5
pan parak,0,2,0%,18.5
sarso ka tel kachi ghani,0,2,0%,18.5
coca-cola best taste zero sugar cola,0,2,0%,19
ready made kheer,0,2,0%,19
soya nuggets price,0,2,0%,19
bikano kaju dhoda burfi,0,2,0%,19.5
nido milk powder,0,2,0%,19.5
chakki fresh atta 10kg price,0,2,0%,20
köpa paneer,0,2,0%,20
maggi arome,0,2,0%,20
mdh chicken biryani masala,0,2,0%,20
sprite zero health conscious cola,0,2,0%,20
fortune atta 10kg price,0,2,0%,20.5
pure mustard oil for body massage,0,2,0%,20.5
preema,0,2,0%,21
tapal tea logo,0,2,0%,21
ragi flour gluten free,0,2,0%,21.5
chinigura aromatic rice,0,2,0%,22.5
india gate basmati rice 5kg,0,2,0%,22.5
alibaba livs,0,2,0%,24
black monster energy mango loco,0,2,0%,24
shan bombay biryani masala india,0,2,0%,24.5
alwaid,0,2,0%,25
chakki fresh atta,0,2,0%,25
kurkure masala munch,0,2,0%,25
mtr khaman dhokla,0,2,0%,25
seeraga samba vs jeerakasala,0,2,0%,26
deggi chilli powder,0,2,0%,26.5
india gate jeera rice,0,2,0%,26.5
indiska varor,0,2,0%,27
patak's mild curry paste,0,2,0%,27.5
kachi ghani sarso tel,0,2,0%,28.5
orange tang drink,0,2,0%,29
bundok ramen,0,2,0%,30
gir kesar,0,2,0%,31
qarshi johar joshanda,0,2,0%,31.5
panch puren,0,2,0%,33
rai sarson buy,0,2,0%,33.5
sendha namak,0,2,0%,33.5
fortune atta 10 kg price,0,2,0%,34.5
paneer köpa,0,2,0%,34.5
cadbury bournvita,0,2,0%,37
fortune atta 10 kg,0,2,0%,37
whole coriander seeds,0,2,0%,37.5
ktc mustard oil,0,2,0%,38
elephant atta,0,2,0%,39
pataks korma sauce,0,2,0%,39.5
kachi ghani pure mustard oil,0,2,0%,40.5
small onion,0,2,0%,41
bajri flour,0,2,0%,41.5
maggi products,0,2,0%,42
lijjat papadam,0,2,0%,43.5
maggi rasamusu,0,2,0%,43.5
ragi is gluten free or not,0,2,0%,43.5
rooh afza drink,0,2,0%,43.5
orange tang,0,2,0%,44
shan fish masala,0,2,0%,44.5
jeerakasala rice germany,0,2,0%,47.5
paan parag,0,2,0%,48
mtr gulab jamun mix ingredients,0,2,0%,48.5
costus powder,0,2,0%,49.5
black seed vatika,0,2,0%,50.5
national biryani masala,0,2,0%,54
basmati gold rice,0,2,0%,57
cassia bark stick,0,2,0%,57
raw mango,0,2,0%,57
maggi 8 pack price,0,2,0%,58
tang drink mango,0,2,0%,58
fresh idli dosa mix manchester,0,2,0%,61
kasoori methi,0,2,0%,62.5
besan and gram flour,0,2,0%,63
chapati atta,0,2,0%,65.5
amla fruit,0,2,0%,66.5
maggi mix,0,2,0%,66.5
nihari spice mix,0,2,0%,66.5
al baker gold atta,0,2,0%,67
himalayan rice,0,2,0%,68
pakistaanse mango,0,2,0%,69.5
bournvita nutrition facts,0,2,0%,71
maggi aroma,0,2,0%,71.5
maggi family pack,0,2,0%,72
butter masala,0,2,0%,73.5
haldiram roti,0,2,0%,77
nestlé,0,2,0%,78.5
madras spice paste,0,2,0%,80
roohafza bottle,0,2,0%,82
nachni flour in english,0,2,0%,83
maggi daiya,0,2,0%,86
tamarind sauce maggi,0,2,0%,94
fortune foods online,0,2,0%,109.5
1121 basmati,0,1,0%,1
1121 sella rice,0,1,0%,1
330 ml soft drink,0,1,0%,1
330ml soft drinks,0,1,0%,1
5 kg atta how many roti,0,1,0%,1
60g masla,0,1,0%,1
aaaa rice,0,1,0%,1
adrak sonth,0,1,0%,1
afzah,0,1,0%,1
al bakers,0,1,0%,1
al bakers atta,0,1,0%,1
aloo tikki haldiram,0,1,0%,1
amla jasmine hair oil benefits,0,1,0%,1
amoy brand,0,1,0%,1
application,0,1,0%,1
arandi tel,0,1,0%,1
asafoetida lg brand,0,1,0%,1
badi elaichi kali,0,1,0%,1
bajra ka atta,0,1,0%,1
bajri nutrition,0,1,0%,1
barja flour,0,1,0%,1
basmati rice 1 kg price in india,0,1,0%,1
batak korma,0,1,0%,1